Cluster 1-남자-미혼-10대-학생-부모,0.07386419149975575
Cluster 1-남자-미혼-20대-학생-부모,0.06858817782120176
Cluster 1-여자-기혼-30대-전업주부-본인,0.046604787493893504
Cluster 1-여자-미혼-20대-학생-부모,0.04142647777234978
Cluster 1-여자-기혼-40대-전업주부-본인,0.03869076697606253
Cluster 1-여자-미혼-10대-학생-부모,0.035857352222765024
Cluster 1-여자-기혼-30대-사무직-본인,0.02989741084513923
Cluster 1-남자-기혼-40대-사무직-배우자,0.024816805080605766
Cluster 1-여자-기혼-40대-사무직-본인,0.022374206155349293
Cluster 1-남자-기혼-30대-사무직-배우자,0.015534929164631167
Cluster 1-여자-미혼-20대-사무직-부모,0.014362481680508061
Cluster 1-여자-기혼-50대-전업주부-본인,0.014167073766487542
Cluster 1-여자-미혼-30대-사무직-본인,0.013678553981436248
Cluster 1-여자-미혼-30대-사무직-부모,0.013385442110405472
Cluster 1-남자-기혼-50대-사무직-배우자,0.012408402540302883
Cluster 1-남자-기혼-40대-사무직-본인,0.011626770884220811
Cluster 1-남자-미혼-20대-학생-본인,0.010552027357107963
Cluster 1-남자-미혼-30대-사무직-부모,0.010454323400097705
Cluster 1-여자-기혼-30대-전문직-본인,0.010258915486077186
Cluster 1-남자-기혼-30대-사무직-본인,0.010161211529066927
Cluster 1-남자-미혼-30대-사무직-본인,0.008597948216902785
Cluster 1-남자-기혼-40대-생산/기술/노무직-배우자,0.008207132388861749
Cluster 1-여자-기혼-30대-교사/학원강사-본인,0.007914020517830972
Cluster 1-남자-기혼-30대-생산/기술/노무직-배우자,0.007914020517830972
Cluster 1-여자-미혼-20대-사무직-본인,0.007816316560820713
Cluster 1-남자-미혼-20대-무직-부모,0.0071323888617489005
Cluster 1-여자-미혼-20대-학생-본인,0.006936980947728383
Cluster 1-여자-기혼-40대-교사/학원강사-본인,0.006741573033707865
Cluster 1-여자-미혼-20대-무직-부모,0.006643869076697606
Cluster 1-여자-기혼-50대-사무직-본인,0.006155349291646311
Cluster 1-여자-미혼-20대-전문직-부모,0.006057645334636053
Cluster 1-남자-기혼-30대-전문직-배우자,0.006057645334636053
Cluster 1-남자-기혼-40대-전문직-배우자,0.005569125549584758
Cluster 1-여자-기혼-40대-전문직-본인,0.005569125549584758
Cluster 1-여자-기혼-20대-전업주부-본인,0.00537371763556424
Cluster 1-남자-미혼-20대-사무직-부모,0.005276013678553982
Cluster 1-남자-기혼-40대-자영업-배우자,0.005178309721543722
Cluster 1-여자-기혼-30대-서비스/영업/판매직-본인,0.004982901807523205
Cluster 1-남자-기혼-40대-공무원(공기업 포함)-배우자,0.004982901807523205
Cluster 1-여자-기혼-30대-프리랜서/자유직-본인,0.004982901807523205
Cluster 1-여자-기혼-40대-서비스/영업/판매직-본인,0.004592085979482169
Cluster 1-남자-미혼-30대-전문직-부모,0.004592085979482169
Cluster 1-여자-미혼-30대-전문직-본인,0.0044943820224719105
Cluster 1-여자-미혼-40대-사무직-본인,0.004396678065461651
Cluster 1-남자-미혼-30대-생산/기술/노무직-부모,0.0042989741084513925
Cluster 1-여자-기혼-30대-공무원(공기업 포함)-본인,0.0042989741084513925
Cluster 1-남자-기혼-40대-서비스/영업/판매직-배우자,0.004201270151441133
Cluster 1-남자-미혼-40대-사무직-본인,0.004005862237420616
Cluster 1-남자-기혼-50대-자영업-배우자,0.004005862237420616
Cluster 1-여자-미혼-30대-전문직-부모,0.0039081582804103565
Cluster 1-남자-미혼-30대-무직-부모,0.0039081582804103565
Cluster 1-여자-기혼-40대-프리랜서/자유직-본인,0.0038104543234000975
Cluster 1-남자-미혼-20대-전문직-부모,0.0038104543234000975
Cluster 1-남자-미혼-30대-생산/기술/노무직-본인,0.003419638495359062
Cluster 1-남자-기혼-30대-서비스/영업/판매직-배우자,0.003419638495359062
Cluster 1-남자-기혼-50대-생산/기술/노무직-배우자,0.003321934538348803
Cluster 1-남자-미혼-30대-서비스/영업/판매직-부모,0.003321934538348803
Cluster 1-여자-기혼-60대 이상-전업주부-본인,0.003321934538348803
Cluster 1-남자-미혼-20대-서비스/영업/판매직-부모,0.0032242305813385444
Cluster 1-여자-미혼-20대-서비스/영업/판매직-부모,0.0032242305813385444
Cluster 1-남자-미혼-20대-생산/기술/노무직-부모,0.0030288226673180264
Cluster 1-남자-기혼-40대-생산/기술/노무직-본인,0.0030288226673180264
Cluster 1-남자-미혼-10대-학생-본인,0.0029311187103077674
Cluster 1-남자-미혼-20대-직업 응답없음-부모,0.0029311187103077674
Cluster 1-남자-기혼-50대-사무직-본인,0.00273571079628725
Cluster 1-여자-미혼-20대-무직-본인,0.00273571079628725
Cluster 1-여자-미혼-30대-서비스/영업/판매직-본인,0.002638006839276991
Cluster 1-여자-미혼-30대-교사/학원강사-본인,0.002540302882266732
Cluster 1-남자-기혼-30대-생산/기술/노무직-본인,0.002442598925256473
Cluster 1-여자-기혼-40대-직업 응답없음-본인,0.002442598925256473
Cluster 1-남자-미혼-30대-전문직-본인,0.002442598925256473
Cluster 1-남자-미혼-30대-프리랜서/자유직-부모,0.002344894968246214
Cluster 1-여자-미혼-30대-무직-부모,0.002344894968246214
Cluster 1-여자-기혼-50대-자영업-본인,0.002344894968246214
Cluster 1-여자-미혼-20대-전문직-본인,0.002344894968246214
Cluster 1-남자-기혼-30대-공무원(공기업 포함)-배우자,0.002344894968246214
Cluster 1-남자-미혼-20대-프리랜서/자유직-부모,0.0022471910112359553
Cluster 1-남자-미혼-20대-사무직-본인,0.0022471910112359553
Cluster 1-남자-기혼-50대-경영직-배우자,0.0022471910112359553
Cluster 1-여자-미혼-20대-서비스/영업/판매직-본인,0.0021494870542256963
Cluster 1-남자-기혼-30대-전문직-본인,0.0021494870542256963
Cluster 1-남자-기혼-40대-전문직-본인,0.0020517830972154373
Cluster 1-남자-기혼-50대-공무원(공기업 포함)-배우자,0.0020517830972154373
Cluster 1-여자-기혼-30대-자영업-본인,0.0020517830972154373
Cluster 1-여자-기혼-50대-교사/학원강사-본인,0.0020517830972154373
Cluster 1-여자-미혼-30대-서비스/영업/판매직-부모,0.0020517830972154373
Cluster 1-남자-기혼-40대-프리랜서/자유직-배우자,0.0020517830972154373
Cluster 1-여자-기혼-40대-생산/기술/노무직-본인,0.0019540791402051783
Cluster 1-여자-기혼-50대-전문직-본인,0.0019540791402051783
Cluster 1-여자-기혼-40대-공무원(공기업 포함)-본인,0.0019540791402051783
Cluster 1-여자-기혼-30대-생산/기술/노무직-본인,0.0018563751831949195
Cluster 1-남자-기혼-60대 이상-자영업-배우자,0.0018563751831949195
Cluster 1-남자-기혼-10대-학생-부모,0.0018563751831949195
Cluster 1-남자-미혼-20대-무직-본인,0.0018563751831949195
Cluster 1-여자-기혼-50대-프리랜서/자유직-본인,0.0018563751831949195
Cluster 1-여자-기혼-40대-자영업-본인,0.0017586712261846605
Cluster 1-남자-기혼-40대-공무원(공기업 포함)-본인,0.0017586712261846605
Cluster 1-남자-기혼-50대-서비스/영업/판매직-배우자,0.0017586712261846605
Cluster 1-여자-미혼-20대-공무원(공기업 포함)-부모,0.0017586712261846605
Cluster 1-남자-기혼-50대-전문직-배우자,0.0017586712261846605
Cluster 1-남자-미혼-40대-생산/기술/노무직-부모,0.0017586712261846605
Cluster 1-여자-미혼-30대-프리랜서/자유직-부모,0.0017586712261846605
Cluster 1-남자-미혼-30대-자영업-본인,0.0017586712261846605
Cluster 1-남자-기혼-40대-경영직-배우자,0.0017586712261846605
Cluster 1-여자-기혼-50대-서비스/영업/판매직-본인,0.0017586712261846605
Cluster 1-여자-미혼-20대-직업 응답없음-부모,0.0017586712261846605
Cluster 1-남자-미혼-30대-서비스/영업/판매직-본인,0.0017586712261846605
Cluster 1-여자-미혼-30대-프리랜서/자유직-본인,0.0016609672691744015
Cluster 1-남자-미혼-30대-직업 응답없음-부모,0.0016609672691744015
Cluster 1-남자-기혼-50대-자영업-본인,0.0016609672691744015
Cluster 1-남자-미혼-10대-직업 응답없음-부모,0.0016609672691744015
Cluster 1-남자-기혼-40대-자영업-본인,0.0016609672691744015
Cluster 1-남자-기혼-50대-프리랜서/자유직-배우자,0.0016609672691744015
Cluster 1-남자-기혼-60대 이상-사무직-배우자,0.0015632633121641427
Cluster 1-남자-기혼-40대-직업 응답없음-배우자,0.0015632633121641427
Cluster 1-남자-미혼-30대-프리랜서/자유직-본인,0.0015632633121641427
Cluster 1-남자-기혼-40대-교사/학원강사-배우자,0.0015632633121641427
Cluster 1-남자-미혼-30대-학생-부모,0.0015632633121641427
Cluster 1-여자-미혼-20대-교사/학원강사-부모,0.0015632633121641427
Cluster 1-남자-미혼-40대-사무직-부모,0.0015632633121641427
Cluster 1-여자-미혼-30대-교사/학원강사-부모,0.0015632633121641427
Cluster 1-여자-미혼-20대-생산/기술/노무직-부모,0.0015632633121641427
Cluster 1-여자-미혼-20대-프리랜서/자유직-부모,0.0014655593551538837
Cluster 1-여자-기혼-20대-전문직-본인,0.0014655593551538837
Cluster 1-남자-기혼-40대-서비스/영업/판매직-본인,0.001367855398143625
Cluster 1-여자-미혼-30대-무직-본인,0.001367855398143625
Cluster 1-남자-미혼-40대-생산/기술/노무직-본인,0.001367855398143625
Cluster 1-남자-미혼-20대-공무원(공기업 포함)-부모,0.001367855398143625
Cluster 1-남자-미혼-30대-공무원(공기업 포함)-부모,0.001367855398143625
Cluster 1-남자-미혼-20대-학생-기타,0.001367855398143625
Cluster 1-여자-미혼-40대-사무직-부모,0.001367855398143625
Cluster 1-남자-미혼-40대-자영업-본인,0.001367855398143625
Cluster 1-남자-미혼-20대-서비스/영업/판매직-본인,0.001270151441133366
Cluster 1-남자-기혼-60대 이상-생산/기술/노무직-배우자,0.001270151441133366
Cluster 1-여자-별거/이혼/사별-40대-사무직-본인,0.001270151441133366
Cluster 1-남자-미혼-10대-학생-기타,0.001270151441133366
Cluster 1-남자-미혼-40대-서비스/영업/판매직-본인,0.001270151441133366
Cluster 1-여자-미혼-20대-프리랜서/자유직-본인,0.001270151441133366
Cluster 1-여자-별거/이혼/사별-30대-사무직-본인,0.001270151441133366
Cluster 1-여자-기혼-20대-서비스/영업/판매직-본인,0.001270151441133366
Cluster 1-여자-기혼-40대-사무직-배우자,0.001172447484123107
Cluster 1-남자-기혼-50대-생산/기술/노무직-본인,0.001172447484123107
Cluster 1-남자-기혼-30대-서비스/영업/판매직-본인,0.0010747435271128481
Cluster 1-여자-기혼-50대-직업 응답없음-본인,0.0010747435271128481
Cluster 1-남자-미혼-20대-생산/기술/노무직-본인,0.0010747435271128481
Cluster 1-남자-미혼-30대-무직-본인,0.0010747435271128481
Cluster 1-여자-기혼-20대-사무직-본인,0.0010747435271128481
Cluster 1-남자-미혼-20대-전문직-본인,0.0010747435271128481
Cluster 1-여자-기혼-30대-사무직-배우자,0.0010747435271128481
Cluster 1-남자-기혼-60대 이상-프리랜서/자유직-배우자,0.0010747435271128481
Cluster 1-남자-미혼-30대-자영업-부모,0.0010747435271128481
Cluster 1-남자-기혼-30대-공무원(공기업 포함)-본인,0.0010747435271128481
Cluster 1-남자-기혼-30대-자영업-본인,0.0010747435271128481
Cluster 1-여자-미혼-20대-생산/기술/노무직-본인,0.0009770395701025891
Cluster 1-여자-기혼-30대-직업 응답없음-본인,0.0009770395701025891
Cluster 1-남자-기혼-60대 이상-무직-배우자,0.0009770395701025891
Cluster 1-여자-기혼-30대-전업주부-배우자,0.0009770395701025891
Cluster 1-여자-미혼-40대-서비스/영업/판매직-본인,0.0009770395701025891
Cluster 1-남자-기혼-30대-교사/학원강사-배우자,0.0009770395701025891
Cluster 1-남자-미혼-30대-공무원(공기업 포함)-본인,0.0009770395701025891
Cluster 1-남자-기혼-30대-직업 응답없음-배우자,0.0009770395701025891
Cluster 1-여자-미혼-40대-프리랜서/자유직-본인,0.0009770395701025891
Cluster 1-남자-기혼-50대-전문직-본인,0.0008793356130923302
Cluster 1-남자-기혼-30대-프리랜서/자유직-배우자,0.0008793356130923302
Cluster 1-여자-미혼-10대-학생-기타,0.0008793356130923302
Cluster 1-여자-미혼-40대-전문직-본인,0.0008793356130923302
Cluster 1-여자-미혼-30대-직업 응답없음-본인,0.0008793356130923302
Cluster 1-남자-미혼-40대-서비스/영업/판매직-부모,0.0008793356130923302
Cluster 1-여자-별거/이혼/사별-40대-서비스/영업/판매직-본인,0.0008793356130923302
Cluster 1-여자-미혼-40대-교사/학원강사-본인,0.0007816316560820713
Cluster 1-남자-미혼-40대-프리랜서/자유직-부모,0.0007816316560820713
Cluster 1-남자-기혼-50대-프리랜서/자유직-본인,0.0007816316560820713
Cluster 1-남자-기혼-40대-교사/학원강사-본인,0.0007816316560820713
Cluster 1-여자-미혼-30대-직업 응답없음-부모,0.0007816316560820713
Cluster 1-남자-기혼-40대-프리랜서/자유직-본인,0.0007816316560820713
Cluster 1-남자-기혼-60대 이상-경영직-배우자,0.0007816316560820713
Cluster 1-여자-미혼-20대-교사/학원강사-본인,0.0007816316560820713
Cluster 1-여자-미혼-30대-공무원(공기업 포함)-본인,0.0007816316560820713
Cluster 1-남자-기혼-50대-직업 응답없음-배우자,0.0006839276990718125
Cluster 1-남자-미혼-40대-프리랜서/자유직-본인,0.0006839276990718125
Cluster 1-여자-미혼-50대-사무직-본인,0.0006839276990718125
Cluster 1-남자-기혼-60대 이상-프리랜서/자유직-본인,0.0006839276990718125
Cluster 1-남자-미혼-40대-무직-부모,0.0006839276990718125
Cluster 1-남자-미혼-20대-공무원(공기업 포함)-본인,0.0006839276990718125
Cluster 1-남자-기혼-60대 이상-직업 응답없음-배우자,0.0006839276990718125
Cluster 1-남자-기혼-50대-경영직-본인,0.0006839276990718125
Cluster 1-여자-미혼-30대-학생-부모,0.0006839276990718125
Cluster 1-남자-미혼-30대-교사/학원강사-부모,0.0006839276990718125
Cluster 1-여자-기혼-30대-전업주부-부모,0.0006839276990718125
Cluster 1-남자-미혼-30대-직업 응답없음-본인,0.0006839276990718125
Cluster 1-남자-미혼-20대-자영업-부모,0.0006839276990718125
Cluster 1-남자-기혼-60대 이상-자영업-본인,0.0006839276990718125
Cluster 1-여자-기혼-10대-학생-부모,0.0006839276990718125
Cluster 1-여자-미혼-20대-학생-기타,0.0006839276990718125
Cluster 1-남자-기혼-30대-사무직-부모,0.0006839276990718125
Cluster 1-여자-미혼-40대-무직-본인,0.0005862237420615535
Cluster 1-남자-기혼-60대 이상-전문직-배우자,0.0005862237420615535
Cluster 1-남자-기혼-50대-공무원(공기업 포함)-본인,0.0005862237420615535
Cluster 1-남자-미혼-40대-전문직-본인,0.0005862237420615535
Cluster 1-여자-기혼-60대 이상-프리랜서/자유직-본인,0.0005862237420615535
Cluster 1-여자-미혼-30대-자영업-본인,0.0005862237420615535
Cluster 1-남자-기혼-30대-프리랜서/자유직-본인,0.0005862237420615535
Cluster 1-남자-기혼-60대 이상-서비스/영업/판매직-배우자,0.0005862237420615535
Cluster 1-남자-미혼-20대-교사/학원강사-부모,0.0005862237420615535
Cluster 1-여자-기혼-50대-생산/기술/노무직-본인,0.0005862237420615535
Cluster 1-남자-기혼-30대-자영업-배우자,0.0005862237420615535
Cluster 1-남자-기혼-20대-사무직-배우자,0.0005862237420615535
Cluster 1-남자-기혼-50대-교사/학원강사-배우자,0.0005862237420615535
Cluster 1-여자-기혼-30대-공무원(공기업 포함)-배우자,0.0005862237420615535
Cluster 1-여자-미혼-20대-무직-기타,0.0005862237420615535
Cluster 1-여자-미혼-10대-학생-본인,0.0005862237420615535
Cluster 1-남자-기혼-60대 이상-생산/기술/노무직-본인,0.0005862237420615535
Cluster 1-남자-미혼-40대-무직-본인,0.0005862237420615535
Cluster 1-여자-기혼-30대-사무직-부모,0.0004885197850512946
Cluster 1-여자-기혼-50대-공무원(공기업 포함)-본인,0.0004885197850512946
Cluster 1-여자-별거/이혼/사별-50대-서비스/영업/판매직-본인,0.0004885197850512946
Cluster 1-남자-별거/이혼/사별-50대-자영업-본인,0.0004885197850512946
Cluster 1-남자-기혼-30대-교사/학원강사-본인,0.0004885197850512946
Cluster 1-여자-미혼-30대-생산/기술/노무직-부모,0.0004885197850512946
Cluster 1-여자-미혼-40대-서비스/영업/판매직-부모,0.0004885197850512946
Cluster 1-여자-미혼-40대-무직-부모,0.0004885197850512946
Cluster 1-여자-별거/이혼/사별-40대-전업주부-본인,0.0004885197850512946
Cluster 1-여자-미혼-10대-직업 응답없음-부모,0.0004885197850512946
Cluster 1-남자-기혼-50대-직업 응답없음-본인,0.0004885197850512946
Cluster 1-남자-기혼-40대-경영직-본인,0.0004885197850512946
Cluster 1-남자-미혼-40대-전문직-부모,0.00039081582804103567
Cluster 1-여자-미혼-40대-교사/학원강사-부모,0.00039081582804103567
Cluster 1-남자-기혼-30대-직업 응답없음-본인,0.00039081582804103567
Cluster 1-남자-미혼-20대-프리랜서/자유직-본인,0.00039081582804103567
Cluster 1-남자-미혼-30대-경영직-부모,0.00039081582804103567
Cluster 1-여자-미혼-20대-사무직-기타,0.00039081582804103567
Cluster 1-남자-미혼-10대-학생-배우자,0.00039081582804103567
Cluster 1-여자-미혼-30대-학생-본인,0.00039081582804103567
Cluster 1-여자-미혼-30대-공무원(공기업 포함)-부모,0.00039081582804103567
Cluster 1-남자-미혼-50대-서비스/영업/판매직-본인,0.00039081582804103567
Cluster 1-남자-미혼-20대-직업 응답없음-본인,0.00039081582804103567
Cluster 1-남자-기혼-60대 이상-무직-본인,0.00039081582804103567
Cluster 1-여자-미혼-20대-자영업-부모,0.00039081582804103567
Cluster 1-남자-기혼-50대-교사/학원강사-본인,0.00039081582804103567
Cluster 1-남자-미혼-30대-학생-본인,0.00039081582804103567
Cluster 1-여자-별거/이혼/사별-60대 이상-전업주부-본인,0.00039081582804103567
Cluster 1-남자-별거/이혼/사별-50대-프리랜서/자유직-본인,0.00039081582804103567
Cluster 1-여자-기혼-60대 이상-자영업-본인,0.00039081582804103567
Cluster 1-여자-미혼-20대-공무원(공기업 포함)-본인,0.00039081582804103567
Cluster 1-여자-기혼-20대-프리랜서/자유직-본인,0.00039081582804103567
Cluster 1-남자-별거/이혼/사별-40대-사무직-본인,0.00039081582804103567
Cluster 1-남자-기혼-20대-생산/기술/노무직-본인,0.00039081582804103567
Cluster 1-여자-미혼-40대-생산/기술/노무직-본인,0.00039081582804103567
Cluster 1-여자-기혼-30대-무직-본인,0.00039081582804103567
Cluster 1-여자-미혼-30대-생산/기술/노무직-본인,0.00039081582804103567
Cluster 1-남자-미혼-50대-생산/기술/노무직-본인,0.00039081582804103567
Cluster 1-남자-기혼-50대-무직-배우자,0.00039081582804103567
Cluster 1-남자-기혼-60대 이상-공무원(공기업 포함)-배우자,0.00039081582804103567
Cluster 1-남자-미혼-40대-교사/학원강사-본인,0.00039081582804103567
Cluster 1-여자-기혼-40대-무직-본인,0.00039081582804103567
Cluster 1-남자-별거/이혼/사별-50대-사무직-본인,0.00029311187103077673
Cluster 1-여자-미혼-20대-직업 응답없음-본인,0.00029311187103077673
Cluster 1-여자-미혼-40대-전업주부-본인,0.00029311187103077673
Cluster 1-남자-미혼-10대-무직-부모,0.00029311187103077673
Cluster 1-남자-기혼-50대-무직-본인,0.00029311187103077673
Cluster 1-남자-기혼-60대 이상-사무직-본인,0.00029311187103077673
Cluster 1-남자-미혼-20대-경영직-본인,0.00029311187103077673
Cluster 1-여자-별거/이혼/사별-50대-사무직-본인,0.00029311187103077673
Cluster 1-여자-별거/이혼/사별-40대-생산/기술/노무직-본인,0.00029311187103077673
Cluster 1-남자-미혼-10대-학생-자녀,0.00029311187103077673
Cluster 1-여자-미혼-20대-자영업-본인,0.00029311187103077673
Cluster 1-여자-기혼-20대-무직-본인,0.00029311187103077673
Cluster 1-남자-기혼-30대-무직-본인,0.00029311187103077673
Cluster 1-여자-기혼-60대 이상-전문직-본인,0.00029311187103077673
Cluster 1-남자-미혼-40대-직업 응답없음-부모,0.00029311187103077673
Cluster 1-여자-별거/이혼/사별-50대-자영업-본인,0.00029311187103077673
Cluster 1-남자-미혼-40대-자영업-부모,0.00029311187103077673
Cluster 1-여자-기혼-20대-학생-부모,0.00029311187103077673
Cluster 1-남자-미혼-50대-자영업-부모,0.00029311187103077673
Cluster 1-여자-미혼-40대-공무원(공기업 포함)-본인,0.00029311187103077673
Cluster 1-여자-기혼-30대-학생-본인,0.00029311187103077673
Cluster 1-남자-기혼-40대-생산/기술/노무직-부모,0.00029311187103077673
Cluster 1-남자-별거/이혼/사별-40대-생산/기술/노무직-본인,0.00029311187103077673
Cluster 1-여자-미혼-10대-무직-부모,0.00029311187103077673
Cluster 1-여자-기혼-60대 이상-직업 응답없음-본인,0.00029311187103077673
Cluster 1-여자-별거/이혼/사별-50대-무직-본인,0.00029311187103077673
Cluster 1-남자-미혼-20대-자영업-본인,0.00029311187103077673
Cluster 1-여자-미혼-30대-서비스/영업/판매직-기타,0.00029311187103077673
Cluster 1-남자-미혼-30대-사무직-기타,0.00029311187103077673
Cluster 1-남자-기혼-10대-직업 응답없음-부모,0.00029311187103077673
Cluster 1-남자-기혼-30대-경영직-본인,0.00029311187103077673
Cluster 1-남자-미혼-50대-자영업-본인,0.00029311187103077673
Cluster 1-남자-미혼-30대-경영직-본인,0.00029311187103077673
Cluster 1-남자-별거/이혼/사별-30대-생산/기술/노무직-본인,0.00029311187103077673
Cluster 1-남자-기혼-50대-서비스/영업/판매직-본인,0.00029311187103077673
Cluster 1-남자-기혼-40대-사무직-부모,0.00029311187103077673
Cluster 1-남자-미혼-20대-학생-배우자,0.00029311187103077673
Cluster 1-남자-별거/이혼/사별-40대-자영업-본인,0.00029311187103077673
Cluster 1-여자-별거/이혼/사별-40대-전문직-본인,0.00029311187103077673
Cluster 1-여자-미혼-30대-교사/학원강사-기타,0.00029311187103077673
Cluster 1-남자-미혼-50대-직업 응답없음-본인,0.00029311187103077673
Cluster 1-남자-기혼-30대-서비스/영업/판매직-부모,0.00029311187103077673
Cluster 1-여자-기혼-30대-교사/학원강사-부모,0.00029311187103077673
Cluster 1-남자-별거/이혼/사별-50대-생산/기술/노무직-부모,0.00029311187103077673
Cluster 1-여자-별거/이혼/사별-40대-사무직-부모,0.00029311187103077673
Cluster 1-남자-기혼-60대 이상-전문직-본인,0.00029311187103077673
Cluster 1-남자-미혼-40대-공무원(공기업 포함)-부모,0.00029311187103077673
Cluster 1-여자-기혼-20대-공무원(공기업 포함)-본인,0.00029311187103077673
Cluster 1-여자-미혼-20대-전문직-기타,0.00029311187103077673
Cluster 1-남자-별거/이혼/사별-50대-공무원(공기업 포함)-본인,0.00029311187103077673
Cluster 1-여자-미혼-30대-사무직-기타,0.00029311187103077673
Cluster 1-여자-별거/이혼/사별-40대-자영업-본인,0.00019540791402051784
Cluster 1-남자-미혼-40대-서비스/영업/판매직-기타,0.00019540791402051784
Cluster 1-여자-기혼-30대-경영직-본인,0.00019540791402051784
Cluster 1-여자-미혼-30대-자영업-부모,0.00019540791402051784
Cluster 1-여자-기혼-60대 이상-교사/학원강사-본인,0.00019540791402051784
Cluster 1-여자-별거/이혼/사별-30대-서비스/영업/판매직-부모,0.00019540791402051784
Cluster 1-남자-미혼-20대-서비스/영업/판매직-기타,0.00019540791402051784
Cluster 1-남자-기혼-60대 이상-직업 응답없음-본인,0.00019540791402051784
Cluster 1-남자-미혼-50대-서비스/영업/판매직-부모,0.00019540791402051784
Cluster 1-여자-미혼-60대 이상-교사/학원강사-본인,0.00019540791402051784
Cluster 1-여자-기혼-50대-전업주부-배우자,0.00019540791402051784
Cluster 1-남자-미혼-20대-무직-기타,0.00019540791402051784
Cluster 1-남자-기혼-60대 이상-경영직-본인,0.00019540791402051784
Cluster 1-남자-기혼-30대-사무직-기타,0.00019540791402051784
Cluster 1-여자-기혼-40대-전업주부-배우자,0.00019540791402051784
Cluster 1-여자-기혼-20대-전업주부-부모,0.00019540791402051784
Cluster 1-남자-미혼-10대-전문직-부모,0.00019540791402051784
Cluster 1-여자-미혼-50대-무직-본인,0.00019540791402051784
Cluster 1-여자-기혼-30대-프리랜서/자유직-부모,0.00019540791402051784
Cluster 1-여자-기혼-20대-무직-배우자,0.00019540791402051784
Cluster 1-남자-미혼-40대-농/임/어업-부모,0.00019540791402051784
Cluster 1-여자-미혼-20대-서비스/영업/판매직-배우자,0.00019540791402051784
Cluster 1-남자-미혼-20대-전문직-기타,0.00019540791402051784
Cluster 1-남자-미혼-40대-직업 응답없음-본인,0.00019540791402051784
Cluster 1-남자-별거/이혼/사별-40대-사무직-부모,0.00019540791402051784
Cluster 1-여자-미혼-20대-학생-자녀,0.00019540791402051784
Cluster 1-남자-미혼-40대-생산/기술/노무직-기타,0.00019540791402051784
Cluster 1-여자-미혼-30대-직업 응답없음-기타,0.00019540791402051784
Cluster 1-남자-미혼-50대-직업 응답없음-부모,0.00019540791402051784
Cluster 1-남자-미혼-40대-사무직-기타,0.00019540791402051784
Cluster 1-남자-미혼-10대-생산/기술/노무직-부모,0.00019540791402051784
Cluster 1-남자-미혼-20대-사무직-기타,0.00019540791402051784
Cluster 1-여자-기혼-40대-학생-본인,0.00019540791402051784
Cluster 1-여자-별거/이혼/사별-40대-무직-본인,0.00019540791402051784
Cluster 1-남자-미혼-40대-농/임/어업-본인,0.00019540791402051784
Cluster 1-남자-미혼-50대-프리랜서/자유직-본인,0.00019540791402051784
Cluster 1-여자-별거/이혼/사별-60대 이상-서비스/영업/판매직-본인,0.00019540791402051784
Cluster 1-여자-기혼-60대 이상-사무직-본인,0.00019540791402051784
Cluster 1-남자-별거/이혼/사별-50대-경영직-본인,0.00019540791402051784
Cluster 1-남자-별거/이혼/사별-40대-프리랜서/자유직-본인,0.00019540791402051784
Cluster 1-여자-기혼-20대-사무직-배우자,0.00019540791402051784
Cluster 1-여자-기혼-60대 이상-공무원(공기업 포함)-본인,0.00019540791402051784
Cluster 1-남자-별거/이혼/사별-60대 이상-사무직-본인,0.00019540791402051784
Cluster 1-남자-미혼-10대-무직-본인,0.00019540791402051784
Cluster 1-남자-기혼-20대-직업 응답없음-본인,0.00019540791402051784
Cluster 1-남자-미혼-30대-전문직-배우자,0.00019540791402051784
Cluster 1-남자-별거/이혼/사별-30대-생산/기술/노무직-부모,0.00019540791402051784
Cluster 1-여자-기혼-30대-직업 응답없음-배우자,0.00019540791402051784
Cluster 1-여자-기혼-40대-서비스/영업/판매직-부모,0.00019540791402051784
Cluster 1-남자-미혼-50대-무직-부모,0.00019540791402051784
Cluster 1-남자-기혼-20대-학생-부모,0.00019540791402051784
Cluster 1-남자-미혼-30대-무직-기타,0.00019540791402051784
Cluster 1-남자-미혼-30대-자영업-기타,0.00019540791402051784
Cluster 1-여자-기혼-40대-전업주부-자녀,0.00019540791402051784
Cluster 1-여자-기혼-50대-무직-본인,0.00019540791402051784
Cluster 1-남자-기혼-60대 이상-교사/학원강사-배우자,0.00019540791402051784
Cluster 1-여자-기혼-60대 이상-서비스/영업/판매직-본인,0.00019540791402051784
Cluster 1-남자-미혼-40대-교사/학원강사-부모,0.00019540791402051784
Cluster 1-여자-기혼-40대-사무직-부모,0.00019540791402051784
Cluster 1-남자-별거/이혼/사별-40대-경영직-본인,0.00019540791402051784
Cluster 1-여자-기혼-60대 이상-생산/기술/노무직-본인,0.00019540791402051784
Cluster 1-여자-별거/이혼/사별-50대-전업주부-본인,0.00019540791402051784
Cluster 1-남자-미혼-30대-학생-배우자,0.00019540791402051784
Cluster 1-남자-미혼-20대-생산/기술/노무직-기타,0.00019540791402051784
Cluster 1-남자-미혼-40대-생산/기술/노무직-배우자,0.00019540791402051784
Cluster 1-남자-기혼-40대-무직-배우자,0.00019540791402051784
Cluster 1-여자-기혼-20대-생산/기술/노무직-본인,0.00019540791402051784
Cluster 1-남자-미혼-50대-프리랜서/자유직-부모,0.00019540791402051784
Cluster 1-여자-기혼-40대-전업주부-부모,0.00019540791402051784
Cluster 1-여자-별거/이혼/사별-30대-교사/학원강사-본인,0.00019540791402051784
Cluster 1-남자-미혼-30대-농/임/어업-부모,0.00019540791402051784
Cluster 1-여자-기혼-30대-서비스/영업/판매직-부모,0.00019540791402051784
Cluster 1-여자-기혼-40대-교사/학원강사-부모,0.00019540791402051784
Cluster 1-여자-미혼-40대-자영업-부모,0.00019540791402051784
Cluster 1-여자-별거/이혼/사별-50대-전문직-본인,0.00019540791402051784
Cluster 1-남자-미혼-10대-직업 응답없음-본인,0.00019540791402051784
Cluster 1-남자-기혼-60대 이상-공무원(공기업 포함)-본인,0.00019540791402051784
Cluster 1-여자-기혼-50대-농/임/어업-본인,0.00019540791402051784
Cluster 1-여자-미혼-40대-직업 응답없음-본인,0.00019540791402051784
Cluster 1-남자-기혼-40대-직업 응답없음-본인,0.00019540791402051784
Cluster 1-남자-별거/이혼/사별-60대 이상-서비스/영업/판매직-본인,0.00019540791402051784
Cluster 1-남자-미혼-30대-교사/학원강사-본인,0.00019540791402051784
Cluster 1-여자-기혼-30대-전문직-부모,0.00019540791402051784
Cluster 1-여자-미혼-50대-프리랜서/자유직-본인,0.00019540791402051784
Cluster 1-남자-미혼-30대-자영업-배우자,9.770395701025892e-05
Cluster 1-여자-미혼-40대-직업 응답없음-부모,9.770395701025892e-05
Cluster 1-여자-미혼-30대-생산/기술/노무직-배우자,9.770395701025892e-05
Cluster 1-남자-별거/이혼/사별-30대-전문직-본인,9.770395701025892e-05
Cluster 1-여자-별거/이혼/사별-30대-무직-본인,9.770395701025892e-05
Cluster 1-여자-기혼-30대-서비스/영업/판매직-배우자,9.770395701025892e-05
Cluster 1-남자-기혼-50대-사무직-기타,9.770395701025892e-05
Cluster 1-남자-미혼-20대-무직-배우자,9.770395701025892e-05
Cluster 1-여자-기혼-40대-전문직-배우자,9.770395701025892e-05
Cluster 1-남자-기혼-20대-경영직-본인,9.770395701025892e-05
Cluster 1-남자-미혼-30대-프리랜서/자유직-기타,9.770395701025892e-05
Cluster 1-여자-기혼-30대-자영업-부모,9.770395701025892e-05
Cluster 1-여자-기혼-60대 이상-직업 응답없음-자녀,9.770395701025892e-05
Cluster 1-남자-기혼-30대-학생-본인,9.770395701025892e-05
Cluster 1-남자-기혼-20대-사무직-자녀,9.770395701025892e-05
Cluster 1-여자-기혼-30대-자영업-배우자,9.770395701025892e-05
Cluster 1-남자-별거/이혼/사별-40대-서비스/영업/판매직-부모,9.770395701025892e-05
Cluster 1-여자-기혼-20대-전업주부-배우자,9.770395701025892e-05
Cluster 1-남자-미혼-50대-전문직-본인,9.770395701025892e-05
Cluster 1-여자-기혼-50대-사무직-배우자,9.770395701025892e-05
Cluster 1-남자-기혼-30대-전업주부-본인,9.770395701025892e-05
Cluster 1-남자-미혼-40대-사무직-배우자,9.770395701025892e-05
Cluster 1-여자-별거/이혼/사별-60대 이상-프리랜서/자유직-본인,9.770395701025892e-05
Cluster 1-남자-미혼-10대-공무원(공기업 포함)-부모,9.770395701025892e-05
Cluster 1-남자-별거/이혼/사별-30대-프리랜서/자유직-본인,9.770395701025892e-05
Cluster 1-여자-미혼-40대-사무직-기타,9.770395701025892e-05
Cluster 1-여자-미혼-50대-서비스/영업/판매직-부모,9.770395701025892e-05
Cluster 1-여자-미혼-50대-자영업-본인,9.770395701025892e-05
Cluster 1-남자-미혼-30대-전문직-기타,9.770395701025892e-05
Cluster 1-남자-별거/이혼/사별-50대-전문직-본인,9.770395701025892e-05
Cluster 1-여자-미혼-30대-농/임/어업-본인,9.770395701025892e-05
Cluster 1-여자-기혼-50대-무직-배우자,9.770395701025892e-05
Cluster 1-남자-미혼-30대-생산/기술/노무직-배우자,9.770395701025892e-05
Cluster 1-남자-기혼-20대-공무원(공기업 포함)-배우자,9.770395701025892e-05
Cluster 1-남자-미혼-20대-교사/학원강사-본인,9.770395701025892e-05
Cluster 1-남자-기혼-40대-사무직-기타,9.770395701025892e-05
Cluster 1-여자-미혼-50대-사무직-부모,9.770395701025892e-05
Cluster 1-남자-기혼-20대-무직-부모,9.770395701025892e-05
Cluster 1-여자-기혼-30대-전문직-배우자,9.770395701025892e-05
Cluster 1-여자-별거/이혼/사별-30대-사무직-기타,9.770395701025892e-05
Cluster 1-여자-기혼-40대-무직-부모,9.770395701025892e-05
Cluster 1-여자-별거/이혼/사별-60대 이상-직업 응답없음-본인,9.770395701025892e-05
Cluster 1-여자-별거/이혼/사별-40대-경영직-본인,9.770395701025892e-05
Cluster 1-여자-기혼-50대-서비스/영업/판매직-배우자,9.770395701025892e-05
Cluster 1-남자-기혼-40대-서비스/영업/판매직-자녀,9.770395701025892e-05
Cluster 1-남자-미혼-20대-경영직-부모,9.770395701025892e-05
Cluster 1-여자-기혼-20대-서비스/영업/판매직-부모,9.770395701025892e-05
Cluster 1-남자-기혼-60대 이상-교사/학원강사-본인,9.770395701025892e-05
Cluster 1-남자-별거/이혼/사별-50대-사무직-부모,9.770395701025892e-05
Cluster 1-남자-미혼-50대-생산/기술/노무직-배우자,9.770395701025892e-05
Cluster 1-남자-미혼-30대-농/임/어업-본인,9.770395701025892e-05
Cluster 1-여자-기혼-50대-생산/기술/노무직-배우자,9.770395701025892e-05
Cluster 1-여자-기혼-40대-자영업-부모,9.770395701025892e-05
Cluster 1-여자-미혼-30대-전업주부-본인,9.770395701025892e-05
Cluster 1-여자-별거/이혼/사별-40대-교사/학원강사-본인,9.770395701025892e-05
Cluster 1-여자-기혼-40대-전업주부-기타,9.770395701025892e-05
Cluster 1-여자-별거/이혼/사별-50대-공무원(공기업 포함)-본인,9.770395701025892e-05
Cluster 1-남자-미혼-50대-농/임/어업-본인,9.770395701025892e-05
Cluster 1-남자-기혼-50대-경영직-부모,9.770395701025892e-05
Cluster 1-남자-기혼-20대-서비스/영업/판매직-본인,9.770395701025892e-05
Cluster 1-남자-기혼-40대-교사/학원강사-부모,9.770395701025892e-05
Cluster 1-여자-미혼-20대-프리랜서/자유직-기타,9.770395701025892e-05
Cluster 1-여자-별거/이혼/사별-50대-직업 응답없음-본인,9.770395701025892e-05
Cluster 1-남자-기혼-40대-프리랜서/자유직-부모,9.770395701025892e-05
Cluster 1-남자-미혼-60대 이상-자영업-본인,9.770395701025892e-05
Cluster 1-여자-기혼-40대-전문직-부모,9.770395701025892e-05
Cluster 1-여자-기혼-40대-프리랜서/자유직-배우자,9.770395701025892e-05
Cluster 1-여자-미혼-30대-무직-기타,9.770395701025892e-05
Cluster 1-여자-미혼-40대-자영업-본인,9.770395701025892e-05
Cluster 1-여자-미혼-20대-전문직-자녀,9.770395701025892e-05
Cluster 1-남자-미혼-50대-사무직-기타,9.770395701025892e-05
Cluster 1-남자-기혼-20대-공무원(공기업 포함)-본인,9.770395701025892e-05
Cluster 1-남자-미혼-40대-직업 응답없음-배우자,9.770395701025892e-05
Cluster 1-여자-기혼-50대-교사/학원강사-자녀,9.770395701025892e-05
Cluster 1-여자-미혼-50대-직업 응답없음-부모,9.770395701025892e-05
Cluster 1-남자-기혼-20대-전문직-배우자,9.770395701025892e-05
Cluster 1-남자-별거/이혼/사별-40대-전문직-본인,9.770395701025892e-05
Cluster 1-남자-기혼-30대-학생-배우자,9.770395701025892e-05
Cluster 1-남자-미혼-10대-자영업-본인,9.770395701025892e-05
Cluster 1-남자-기혼-20대-서비스/영업/판매직-배우자,9.770395701025892e-05
Cluster 1-여자-별거/이혼/사별-30대-전업주부-본인,9.770395701025892e-05
Cluster 1-여자-별거/이혼/사별-40대-공무원(공기업 포함)-부모,9.770395701025892e-05
Cluster 1-남자-기혼-20대-공무원(공기업 포함)-부모,9.770395701025892e-05
Cluster 1-여자-기혼-50대-교사/학원강사-기타,9.770395701025892e-05
Cluster 1-남자-별거/이혼/사별-50대-전업주부-본인,9.770395701025892e-05
Cluster 1-남자-미혼-20대-프리랜서/자유직-기타,9.770395701025892e-05
Cluster 1-남자-별거/이혼/사별-40대-생산/기술/노무직-부모,9.770395701025892e-05
Cluster 1-여자-기혼-10대-학생-배우자,9.770395701025892e-05
Cluster 1-여자-미혼-60대 이상-서비스/영업/판매직-본인,9.770395701025892e-05
Cluster 1-남자-미혼-30대-경영직-기타,9.770395701025892e-05
Cluster 1-여자-기혼-20대-자영업-본인,9.770395701025892e-05
Cluster 1-남자-기혼-30대-교사/학원강사-부모,9.770395701025892e-05
Cluster 1-남자-미혼-20대-농/임/어업-부모,9.770395701025892e-05
Cluster 1-여자-미혼-40대-전문직-부모,9.770395701025892e-05
Cluster 1-여자-별거/이혼/사별-30대-사무직-부모,9.770395701025892e-05
Cluster 1-여자-별거/이혼/사별-60대 이상-전문직-본인,9.770395701025892e-05
Cluster 1-남자-기혼-20대-학생-본인,9.770395701025892e-05
Cluster 1-여자-별거/이혼/사별-50대-직업 응답없음-자녀,9.770395701025892e-05
Cluster 1-남자-별거/이혼/사별-40대-자영업-배우자,9.770395701025892e-05
Cluster 1-여자-미혼-30대-경영직-기타,9.770395701025892e-05
Cluster 1-여자-기혼-20대-사무직-부모,9.770395701025892e-05
Cluster 1-남자-미혼-10대-농/임/어업-부모,9.770395701025892e-05
Cluster 1-남자-기혼-20대-생산/기술/노무직-배우자,9.770395701025892e-05
Cluster 1-여자-기혼-50대-학생-본인,9.770395701025892e-05
Cluster 1-여자-기혼-20대-직업 응답없음-본인,9.770395701025892e-05
Cluster 1-남자-별거/이혼/사별-50대-교사/학원강사-본인,9.770395701025892e-05
Cluster 1-여자-미혼-30대-직업 응답없음-배우자,9.770395701025892e-05
Cluster 1-여자-별거/이혼/사별-40대-직업 응답없음-본인,9.770395701025892e-05
Cluster 1-여자-별거/이혼/사별-30대-전문직-본인,9.770395701025892e-05
Cluster 1-남자-별거/이혼/사별-50대-서비스/영업/판매직-본인,9.770395701025892e-05
Cluster 1-여자-미혼-30대-경영직-본인,9.770395701025892e-05
Cluster 1-여자-별거/이혼/사별-20대-서비스/영업/판매직-부모,9.770395701025892e-05
Cluster 1-남자-기혼-40대-서비스/영업/판매직-부모,9.770395701025892e-05
Cluster 1-남자-미혼-50대-무직-본인,9.770395701025892e-05
Cluster 1-남자-별거/이혼/사별-40대-무직-본인,9.770395701025892e-05
Cluster 1-남자-기혼-30대-농/임/어업-본인,9.770395701025892e-05
Cluster 1-여자-기혼-30대-공무원(공기업 포함)-부모,9.770395701025892e-05
Cluster 1-남자-미혼-40대-학생-부모,9.770395701025892e-05
Cluster 1-남자-미혼-20대-전문직-배우자,9.770395701025892e-05
Cluster 1-남자-미혼-30대-서비스/영업/판매직-기타,9.770395701025892e-05
Cluster 1-여자-기혼-30대-교사/학원강사-배우자,9.770395701025892e-05
Cluster 1-남자-미혼-10대-직업 응답없음-기타,9.770395701025892e-05
Cluster 1-남자-기혼-30대-경영직-배우자,9.770395701025892e-05
Cluster 1-여자-미혼-20대-사무직-배우자,9.770395701025892e-05
Cluster 1-여자-미혼-20대-전업주부-본인,9.770395701025892e-05
Cluster 1-여자-기혼-20대-공무원(공기업 포함)-부모,9.770395701025892e-05
Cluster 1-여자-별거/이혼/사별-50대-교사/학원강사-본인,9.770395701025892e-05
Cluster 1-남자-별거/이혼/사별-50대-직업 응답없음-부모,9.770395701025892e-05
Cluster 1-여자-기혼-40대-교사/학원강사-배우자,9.770395701025892e-05
Cluster 1-남자-기혼-20대-자영업-본인,9.770395701025892e-05
Cluster 1-남자-미혼-60대 이상-무직-본인,9.770395701025892e-05
Cluster 1-남자-미혼-30대-직업 응답없음-기타,9.770395701025892e-05
Cluster 1-여자-기혼-20대-전업주부-기타,9.770395701025892e-05
Cluster 1-남자-미혼-10대-교사/학원강사-부모,9.770395701025892e-05
Cluster 1-여자-미혼-40대-농/임/어업-부모,9.770395701025892e-05
Cluster 1-남자-기혼-20대-사무직-본인,9.770395701025892e-05
Cluster 1-남자-기혼-40대-농/임/어업-배우자,9.770395701025892e-05
Cluster 1-남자-미혼-30대-서비스/영업/판매직-배우자,9.770395701025892e-05
Cluster 1-여자-기혼-40대-무직-배우자,9.770395701025892e-05
Cluster 1-남자-미혼-50대-사무직-부모,9.770395701025892e-05
Cluster 1-남자-기혼-20대-교사/학원강사-배우자,9.770395701025892e-05
Cluster 1-남자-별거/이혼/사별-50대-전문직-배우자,9.770395701025892e-05
Cluster 1-여자-미혼-50대-생산/기술/노무직-본인,9.770395701025892e-05
Cluster 1-여자-기혼-10대-직업 응답없음-부모,9.770395701025892e-05
Cluster 1-남자-별거/이혼/사별-40대-서비스/영업/판매직-본인,9.770395701025892e-05
Cluster 1-여자-기혼-50대-사무직-부모,9.770395701025892e-05
Cluster 1-남자-미혼-60대 이상-생산/기술/노무직-기타,9.770395701025892e-05
Cluster 1-여자-별거/이혼/사별-30대-프리랜서/자유직-기타,9.770395701025892e-05
Cluster 1-남자-기혼-30대-전문직-기타,9.770395701025892e-05
Cluster 1-남자-기혼-20대-학생-배우자,9.770395701025892e-05
Cluster 1-여자-기혼-60대 이상-전업주부-자녀,9.770395701025892e-05
Cluster 1-여자-미혼-60대 이상-자영업-본인,9.770395701025892e-05
Cluster 1-남자-기혼-60대 이상-생산/기술/노무직-자녀,9.770395701025892e-05
Cluster 1-여자-미혼-20대-공무원(공기업 포함)-자녀,9.770395701025892e-05
Cluster 1-여자-기혼-40대-서비스/영업/판매직-배우자,9.770395701025892e-05
Cluster 1-남자-별거/이혼/사별-50대-교사/학원강사-기타,9.770395701025892e-05
Cluster 1-남자-기혼-20대-프리랜서/자유직-배우자,9.770395701025892e-05
Cluster 1-여자-미혼-30대-프리랜서/자유직-기타,9.770395701025892e-05
Cluster 1-남자-기혼-40대-농/임/어업-본인,9.770395701025892e-05
Cluster 1-남자-미혼-40대-경영직-본인,9.770395701025892e-05
Cluster 1-여자-미혼-40대-생산/기술/노무직-부모,9.770395701025892e-05
Cluster 1-남자-미혼-10대-사무직-부모,9.770395701025892e-05
Cluster 1-여자-기혼-20대-전문직-배우자,9.770395701025892e-05
Cluster 1-여자-별거/이혼/사별-30대-생산/기술/노무직-본인,9.770395701025892e-05
Cluster 1-여자-별거/이혼/사별-30대-프리랜서/자유직-본인,9.770395701025892e-05
Cluster 1-남자-기혼-50대-사무직-자녀,9.770395701025892e-05
Cluster 1-남자-기혼-50대-사무직-부모,9.770395701025892e-05
Cluster 1-남자-기혼-30대-교사/학원강사-기타,9.770395701025892e-05
Cluster 1-여자-기혼-30대-농/임/어업-본인,9.770395701025892e-05
Cluster 1-남자-미혼-50대-사무직-본인,9.770395701025892e-05
Cluster 1-남자-미혼-40대-프리랜서/자유직-배우자,9.770395701025892e-05
Cluster 1-남자-기혼-40대-공무원(공기업 포함)-부모,9.770395701025892e-05
Cluster 1-여자-미혼-10대-프리랜서/자유직-부모,9.770395701025892e-05
Cluster 1-남자-기혼-20대-자영업-부모,9.770395701025892e-05
Cluster 1-남자-미혼-50대-생산/기술/노무직-부모,9.770395701025892e-05
Cluster 1-여자-기혼-40대-공무원(공기업 포함)-배우자,9.770395701025892e-05
Cluster 1-남자-미혼-40대-무직-기타,9.770395701025892e-05
Cluster 1-여자-미혼-40대-프리랜서/자유직-부모,9.770395701025892e-05
Cluster 1-남자-별거/이혼/사별-40대-공무원(공기업 포함)-본인,9.770395701025892e-05
Cluster 1-여자-기혼-30대-농/임/어업-부모,9.770395701025892e-05
Cluster 1-남자-미혼-30대-학생-기타,9.770395701025892e-05
Cluster 1-여자-별거/이혼/사별-50대-자영업-자녀,9.770395701025892e-05
Cluster 1-여자-기혼-50대-경영직-본인,9.770395701025892e-05
Cluster 1-남자-별거/이혼/사별-40대-사무직-기타,9.770395701025892e-05
Cluster 1-여자-미혼-60대 이상-프리랜서/자유직-본인,9.770395701025892e-05
Cluster 1-여자-별거/이혼/사별-40대-프리랜서/자유직-본인,9.770395701025892e-05
Cluster 1-남자-기혼-30대-공무원(공기업 포함)-부모,9.770395701025892e-05
Cluster 1-여자-미혼-30대-경영직-부모,9.770395701025892e-05
Cluster 1-여자-미혼-40대-서비스/영업/판매직-기타,9.770395701025892e-05
Cluster 1-여자-미혼-10대-학생-자녀,9.770395701025892e-05
Cluster 1-남자-별거/이혼/사별-60대 이상-자영업-부모,9.770395701025892e-05
Cluster 1-여자-기혼-30대-프리랜서/자유직-배우자,9.770395701025892e-05
Cluster 1-남자-별거/이혼/사별-40대-사무직-배우자,9.770395701025892e-05
Cluster 1-남자-미혼-40대-교사/학원강사-기타,9.770395701025892e-05
Cluster 1-여자-기혼-60대 이상-직업 응답없음-부모,9.770395701025892e-05
Cluster 2-여자-기혼-30대-전업주부-본인,0.08085612366230678
Cluster 2-여자-기혼-40대-전업주부-본인,0.060245739199365836
Cluster 2-여자-미혼-20대-학생-부모,0.05330955212049148
Cluster 2-여자-기혼-30대-사무직-본인,0.0469678953626635
Cluster 2-여자-미혼-10대-학생-부모,0.04201347602061038
Cluster 2-남자-미혼-20대-학생-부모,0.03963535473642489
Cluster 2-여자-기혼-40대-사무직-본인,0.03071739992072929
Cluster 2-남자-미혼-10대-학생-부모,0.03071739992072929
Cluster 2-남자-기혼-40대-사무직-배우자,0.0267538644470868
Cluster 2-여자-기혼-30대-전문직-본인,0.018034086405073327
Cluster 2-여자-미혼-30대-사무직-부모,0.018034086405073327
Cluster 2-여자-기혼-50대-전업주부-본인,0.01743955608402695
Cluster 2-남자-기혼-30대-사무직-배우자,0.016250495441934205
Cluster 2-여자-미혼-20대-사무직-부모,0.015655965120887832
Cluster 2-여자-미혼-30대-사무직-본인,0.012881490289338089
Cluster 2-남자-기혼-30대-생산/기술/노무직-배우자,0.01070154577883472
Cluster 2-여자-기혼-20대-전업주부-본인,0.010305192231470472
Cluster 2-여자-기혼-30대-교사/학원강사-본인,0.010305192231470472
Cluster 2-남자-기혼-30대-사무직-본인,0.010107015457788348
Cluster 2-여자-미혼-20대-무직-부모,0.009512485136741973
Cluster 2-여자-기혼-30대-서비스/영업/판매직-본인,0.009116131589377725
Cluster 2-남자-기혼-40대-사무직-본인,0.009116131589377725
Cluster 2-여자-미혼-20대-학생-본인,0.008719778042013475
Cluster 2-여자-기혼-40대-전문직-본인,0.008719778042013475
Cluster 2-여자-기혼-40대-교사/학원강사-본인,0.008521601268331352
Cluster 2-여자-미혼-20대-전문직-부모,0.008323424494649227
Cluster 2-남자-기혼-40대-생산/기술/노무직-배우자,0.008323424494649227
Cluster 2-남자-기혼-50대-사무직-배우자,0.0077288941736028535
Cluster 2-남자-미혼-30대-사무직-부모,0.0075307173999207295
Cluster 2-여자-기혼-30대-프리랜서/자유직-본인,0.0075307173999207295
Cluster 2-여자-기혼-40대-서비스/영업/판매직-본인,0.006738010305192232
Cluster 2-남자-기혼-30대-전문직-배우자,0.006539833531510107
Cluster 2-여자-미혼-20대-사무직-본인,0.006539833531510107
Cluster 2-남자-기혼-40대-공무원(공기업 포함)-배우자,0.005945303210463734
Cluster 2-여자-기혼-30대-공무원(공기업 포함)-본인,0.005747126436781609
Cluster 2-여자-기혼-40대-프리랜서/자유직-본인,0.005548949663099485
Cluster 2-남자-미혼-30대-사무직-본인,0.005548949663099485
Cluster 2-남자-미혼-20대-무직-부모,0.004954419342053111
Cluster 2-여자-미혼-30대-전문직-본인,0.004954419342053111
Cluster 2-남자-기혼-40대-전문직-배우자,0.004359889021006738
Cluster 2-남자-기혼-40대-자영업-배우자,0.004359889021006738
Cluster 2-여자-미혼-20대-서비스/영업/판매직-부모,0.004161712247324614
Cluster 2-여자-기혼-40대-자영업-본인,0.004161712247324614
Cluster 2-여자-기혼-50대-사무직-본인,0.004161712247324614
Cluster 2-남자-미혼-20대-학생-본인,0.003963535473642489
Cluster 2-여자-기혼-40대-직업 응답없음-본인,0.0037653586999603647
Cluster 2-여자-기혼-40대-공무원(공기업 포함)-본인,0.0037653586999603647
Cluster 2-남자-기혼-40대-서비스/영업/판매직-배우자,0.0035671819262782403
Cluster 2-남자-기혼-30대-서비스/영업/판매직-배우자,0.0035671819262782403
Cluster 2-여자-미혼-30대-교사/학원강사-부모,0.003369005152596116
Cluster 2-여자-미혼-20대-서비스/영업/판매직-본인,0.003369005152596116
Cluster 2-여자-미혼-20대-전문직-본인,0.003369005152596116
Cluster 2-남자-기혼-50대-생산/기술/노무직-배우자,0.0031708283789139914
Cluster 2-남자-기혼-50대-자영업-배우자,0.0031708283789139914
Cluster 2-남자-미혼-30대-생산/기술/노무직-부모,0.0031708283789139914
Cluster 2-남자-미혼-30대-무직-부모,0.0031708283789139914
Cluster 2-여자-미혼-30대-전문직-부모,0.0031708283789139914
Cluster 2-여자-기혼-30대-자영업-본인,0.002972651605231867
Cluster 2-여자-미혼-40대-사무직-본인,0.002972651605231867
Cluster 2-여자-미혼-30대-서비스/영업/판매직-본인,0.002972651605231867
Cluster 2-남자-미혼-20대-사무직-부모,0.002972651605231867
Cluster 2-남자-기혼-30대-전문직-본인,0.0027744748315497426
Cluster 2-여자-기혼-30대-직업 응답없음-본인,0.0027744748315497426
Cluster 2-남자-미혼-30대-전문직-부모,0.0027744748315497426
Cluster 2-여자-기혼-40대-생산/기술/노무직-본인,0.002576298057867618
Cluster 2-남자-미혼-30대-생산/기술/노무직-본인,0.002576298057867618
Cluster 2-남자-기혼-50대-공무원(공기업 포함)-배우자,0.002576298057867618
Cluster 2-여자-미혼-30대-무직-부모,0.002576298057867618
Cluster 2-남자-기혼-30대-생산/기술/노무직-본인,0.0023781212841854932
Cluster 2-여자-기혼-50대-서비스/영업/판매직-본인,0.0023781212841854932
Cluster 2-남자-기혼-30대-공무원(공기업 포함)-배우자,0.0023781212841854932
Cluster 2-여자-기혼-30대-생산/기술/노무직-본인,0.0023781212841854932
Cluster 2-여자-미혼-20대-프리랜서/자유직-부모,0.0023781212841854932
Cluster 2-여자-미혼-30대-서비스/영업/판매직-부모,0.002179944510503369
Cluster 2-남자-기혼-40대-생산/기술/노무직-본인,0.002179944510503369
Cluster 2-남자-기혼-40대-프리랜서/자유직-배우자,0.002179944510503369
Cluster 2-남자-미혼-20대-생산/기술/노무직-부모,0.0019817677368212444
Cluster 2-여자-미혼-20대-학생-기타,0.0019817677368212444
Cluster 2-남자-기혼-30대-서비스/영업/판매직-본인,0.0019817677368212444
Cluster 2-남자-기혼-40대-서비스/영업/판매직-본인,0.0019817677368212444
Cluster 2-여자-기혼-30대-전업주부-배우자,0.0017835909631391202
Cluster 2-여자-미혼-20대-직업 응답없음-부모,0.0017835909631391202
Cluster 2-남자-기혼-30대-자영업-배우자,0.0017835909631391202
Cluster 2-남자-미혼-40대-사무직-부모,0.0017835909631391202
Cluster 2-남자-기혼-40대-경영직-배우자,0.0017835909631391202
Cluster 2-여자-기혼-30대-사무직-배우자,0.0017835909631391202
Cluster 2-여자-미혼-40대-사무직-부모,0.0017835909631391202
Cluster 2-남자-기혼-30대-공무원(공기업 포함)-본인,0.0017835909631391202
Cluster 2-여자-미혼-40대-프리랜서/자유직-본인,0.0017835909631391202
Cluster 2-여자-미혼-40대-서비스/영업/판매직-본인,0.0015854141894569957
Cluster 2-여자-미혼-20대-무직-본인,0.0015854141894569957
Cluster 2-남자-기혼-50대-프리랜서/자유직-배우자,0.0015854141894569957
Cluster 2-남자-미혼-30대-서비스/영업/판매직-부모,0.0015854141894569957
Cluster 2-여자-기혼-50대-교사/학원강사-본인,0.0015854141894569957
Cluster 2-남자-기혼-30대-직업 응답없음-배우자,0.0015854141894569957
Cluster 2-여자-미혼-30대-교사/학원강사-본인,0.0015854141894569957
Cluster 2-여자-미혼-30대-프리랜서/자유직-본인,0.0015854141894569957
Cluster 2-여자-미혼-30대-공무원(공기업 포함)-부모,0.0015854141894569957
Cluster 2-여자-미혼-20대-교사/학원강사-부모,0.0015854141894569957
Cluster 2-여자-기혼-50대-직업 응답없음-본인,0.0015854141894569957
Cluster 2-남자-기혼-50대-사무직-본인,0.0015854141894569957
Cluster 2-남자-기혼-40대-전문직-본인,0.0015854141894569957
Cluster 2-남자-미혼-20대-전문직-부모,0.0015854141894569957
Cluster 2-여자-기혼-20대-전문직-본인,0.0015854141894569957
Cluster 2-남자-미혼-20대-전문직-본인,0.0015854141894569957
Cluster 2-남자-미혼-20대-무직-본인,0.0015854141894569957
Cluster 2-남자-미혼-40대-사무직-본인,0.0015854141894569957
Cluster 2-여자-기혼-60대 이상-전업주부-본인,0.0015854141894569957
Cluster 2-남자-미혼-40대-생산/기술/노무직-본인,0.0013872374157748713
Cluster 2-여자-미혼-20대-생산/기술/노무직-부모,0.0013872374157748713
Cluster 2-남자-기혼-40대-공무원(공기업 포함)-본인,0.0013872374157748713
Cluster 2-여자-미혼-30대-프리랜서/자유직-부모,0.0013872374157748713
Cluster 2-남자-기혼-50대-생산/기술/노무직-본인,0.0013872374157748713
Cluster 2-남자-기혼-50대-직업 응답없음-배우자,0.0013872374157748713
Cluster 2-남자-미혼-20대-사무직-본인,0.0013872374157748713
Cluster 2-남자-미혼-20대-서비스/영업/판매직-부모,0.0013872374157748713
Cluster 2-여자-기혼-20대-사무직-본인,0.0013872374157748713
Cluster 2-남자-미혼-30대-학생-부모,0.0011890606420927466
Cluster 2-남자-미혼-30대-자영업-부모,0.0011890606420927466
Cluster 2-남자-미혼-40대-자영업-본인,0.0011890606420927466
Cluster 2-남자-미혼-20대-생산/기술/노무직-본인,0.0011890606420927466
Cluster 2-여자-미혼-20대-프리랜서/자유직-본인,0.0011890606420927466
Cluster 2-남자-기혼-40대-교사/학원강사-배우자,0.0011890606420927466
Cluster 2-여자-미혼-30대-자영업-본인,0.0011890606420927466
Cluster 2-남자-미혼-30대-공무원(공기업 포함)-부모,0.0011890606420927466
Cluster 2-남자-미혼-20대-공무원(공기업 포함)-부모,0.0011890606420927466
Cluster 2-남자-미혼-30대-전문직-본인,0.0011890606420927466
Cluster 2-남자-기혼-50대-전문직-배우자,0.0011890606420927466
Cluster 2-남자-미혼-30대-무직-본인,0.0011890606420927466
Cluster 2-여자-미혼-40대-전문직-본인,0.0009908838684106222
Cluster 2-여자-기혼-50대-전문직-본인,0.0009908838684106222
Cluster 2-남자-미혼-40대-서비스/영업/판매직-본인,0.0009908838684106222
Cluster 2-남자-기혼-60대 이상-경영직-배우자,0.0009908838684106222
Cluster 2-여자-미혼-30대-무직-본인,0.0009908838684106222
Cluster 2-여자-기혼-50대-프리랜서/자유직-본인,0.0009908838684106222
Cluster 2-여자-미혼-10대-학생-본인,0.0009908838684106222
Cluster 2-여자-미혼-20대-공무원(공기업 포함)-부모,0.0009908838684106222
Cluster 2-남자-기혼-60대 이상-생산/기술/노무직-배우자,0.0009908838684106222
Cluster 2-여자-미혼-20대-공무원(공기업 포함)-본인,0.0009908838684106222
Cluster 2-남자-미혼-40대-생산/기술/노무직-부모,0.0009908838684106222
Cluster 2-남자-미혼-30대-서비스/영업/판매직-본인,0.0009908838684106222
Cluster 2-남자-미혼-20대-서비스/영업/판매직-본인,0.0009908838684106222
Cluster 2-여자-기혼-30대-사무직-부모,0.0009908838684106222
Cluster 2-남자-기혼-50대-경영직-배우자,0.0009908838684106222
Cluster 2-남자-미혼-30대-경영직-부모,0.0009908838684106222
Cluster 2-남자-기혼-30대-프리랜서/자유직-배우자,0.0009908838684106222
Cluster 2-여자-기혼-20대-서비스/영업/판매직-본인,0.0009908838684106222
Cluster 2-남자-미혼-20대-직업 응답없음-부모,0.0009908838684106222
Cluster 2-남자-미혼-20대-공무원(공기업 포함)-본인,0.0007927070947284979
Cluster 2-여자-별거/이혼/사별-40대-교사/학원강사-본인,0.0007927070947284979
Cluster 2-남자-기혼-60대 이상-자영업-본인,0.0007927070947284979
Cluster 2-남자-기혼-50대-서비스/영업/판매직-배우자,0.0007927070947284979
Cluster 2-남자-미혼-10대-학생-본인,0.0007927070947284979
Cluster 2-남자-미혼-20대-학생-기타,0.0007927070947284979
Cluster 2-여자-기혼-20대-직업 응답없음-본인,0.0007927070947284979
Cluster 2-남자-기혼-40대-자영업-본인,0.0007927070947284979
Cluster 2-여자-미혼-30대-직업 응답없음-부모,0.0007927070947284979
Cluster 2-남자-기혼-40대-직업 응답없음-배우자,0.0007927070947284979
Cluster 2-여자-별거/이혼/사별-30대-사무직-본인,0.0007927070947284979
Cluster 2-여자-미혼-40대-프리랜서/자유직-부모,0.0007927070947284979
Cluster 2-남자-기혼-60대 이상-무직-배우자,0.0007927070947284979
Cluster 2-남자-기혼-20대-사무직-배우자,0.0007927070947284979
Cluster 2-여자-별거/이혼/사별-40대-사무직-본인,0.0007927070947284979
Cluster 2-여자-기혼-50대-생산/기술/노무직-본인,0.0007927070947284979
Cluster 2-여자-기혼-10대-학생-부모,0.0007927070947284979
Cluster 2-남자-기혼-30대-교사/학원강사-배우자,0.0007927070947284979
Cluster 2-남자-미혼-30대-생산/기술/노무직-배우자,0.0007927070947284979
Cluster 2-남자-미혼-20대-프리랜서/자유직-본인,0.0007927070947284979
Cluster 2-여자-기혼-40대-전업주부-배우자,0.0005945303210463733
Cluster 2-여자-기혼-50대-자영업-본인,0.0005945303210463733
Cluster 2-여자-기혼-30대-전문직-부모,0.0005945303210463733
Cluster 2-여자-기혼-20대-교사/학원강사-본인,0.0005945303210463733
Cluster 2-남자-미혼-40대-서비스/영업/판매직-부모,0.0005945303210463733
Cluster 2-여자-미혼-10대-직업 응답없음-부모,0.0005945303210463733
Cluster 2-남자-기혼-20대-전문직-배우자,0.0005945303210463733
Cluster 2-남자-기혼-30대-교사/학원강사-본인,0.0005945303210463733
Cluster 2-여자-별거/이혼/사별-50대-프리랜서/자유직-본인,0.0005945303210463733
Cluster 2-남자-기혼-40대-프리랜서/자유직-본인,0.0005945303210463733
Cluster 2-여자-기혼-60대 이상-서비스/영업/판매직-본인,0.0005945303210463733
Cluster 2-남자-기혼-30대-경영직-배우자,0.0005945303210463733
Cluster 2-여자-별거/이혼/사별-30대-전문직-본인,0.0005945303210463733
Cluster 2-남자-미혼-40대-프리랜서/자유직-부모,0.0005945303210463733
Cluster 2-남자-미혼-30대-교사/학원강사-본인,0.0005945303210463733
Cluster 2-남자-미혼-40대-자영업-부모,0.0005945303210463733
Cluster 2-남자-미혼-30대-공무원(공기업 포함)-본인,0.0005945303210463733
Cluster 2-남자-기혼-60대 이상-무직-본인,0.0005945303210463733
Cluster 2-여자-기혼-30대-무직-본인,0.0005945303210463733
Cluster 2-남자-기혼-50대-경영직-본인,0.0005945303210463733
Cluster 2-남자-기혼-40대-경영직-본인,0.0005945303210463733
Cluster 2-남자-기혼-50대-전문직-본인,0.0005945303210463733
Cluster 2-남자-기혼-50대-자영업-본인,0.0005945303210463733
Cluster 2-여자-기혼-30대-공무원(공기업 포함)-배우자,0.0005945303210463733
Cluster 2-여자-미혼-30대-생산/기술/노무직-본인,0.0005945303210463733
Cluster 2-여자-미혼-20대-사무직-기타,0.0005945303210463733
Cluster 2-남자-미혼-30대-교사/학원강사-부모,0.0005945303210463733
Cluster 2-여자-미혼-40대-교사/학원강사-부모,0.0005945303210463733
Cluster 2-남자-기혼-60대 이상-경영직-본인,0.0005945303210463733
Cluster 2-남자-미혼-10대-학생-기타,0.0005945303210463733
Cluster 2-여자-미혼-40대-교사/학원강사-본인,0.0005945303210463733
Cluster 2-여자-미혼-30대-사무직-기타,0.0005945303210463733
Cluster 2-여자-미혼-20대-교사/학원강사-본인,0.0005945303210463733
Cluster 2-여자-미혼-30대-직업 응답없음-기타,0.00039635354736424893
Cluster 2-여자-미혼-30대-생산/기술/노무직-부모,0.00039635354736424893
Cluster 2-남자-미혼-30대-프리랜서/자유직-본인,0.00039635354736424893
Cluster 2-남자-기혼-10대-학생-부모,0.00039635354736424893
Cluster 2-남자-미혼-30대-직업 응답없음-부모,0.00039635354736424893
Cluster 2-여자-미혼-30대-교사/학원강사-기타,0.00039635354736424893
Cluster 2-여자-기혼-30대-교사/학원강사-배우자,0.00039635354736424893
Cluster 2-여자-기혼-20대-학생-부모,0.00039635354736424893
Cluster 2-여자-기혼-40대-무직-본인,0.00039635354736424893
Cluster 2-남자-기혼-60대 이상-서비스/영업/판매직-배우자,0.00039635354736424893
Cluster 2-여자-별거/이혼/사별-40대-생산/기술/노무직-본인,0.00039635354736424893
Cluster 2-남자-기혼-60대 이상-공무원(공기업 포함)-배우자,0.00039635354736424893
Cluster 2-여자-미혼-30대-자영업-부모,0.00039635354736424893
Cluster 2-남자-별거/이혼/사별-50대-프리랜서/자유직-본인,0.00039635354736424893
Cluster 2-남자-미혼-40대-전문직-본인,0.00039635354736424893
Cluster 2-남자-미혼-40대-교사/학원강사-부모,0.00039635354736424893
Cluster 2-여자-미혼-30대-직업 응답없음-본인,0.00039635354736424893
Cluster 2-여자-미혼-40대-공무원(공기업 포함)-본인,0.00039635354736424893
Cluster 2-여자-기혼-30대-전업주부-부모,0.00039635354736424893
Cluster 2-여자-미혼-20대-전업주부-본인,0.00039635354736424893
Cluster 2-여자-미혼-30대-공무원(공기업 포함)-본인,0.00039635354736424893
Cluster 2-남자-기혼-20대-생산/기술/노무직-배우자,0.00039635354736424893
Cluster 2-여자-기혼-60대 이상-사무직-본인,0.00039635354736424893
Cluster 2-남자-기혼-40대-프리랜서/자유직-부모,0.00039635354736424893
Cluster 2-남자-미혼-40대-프리랜서/자유직-본인,0.00039635354736424893
Cluster 2-여자-기혼-20대-공무원(공기업 포함)-본인,0.00039635354736424893
Cluster 2-남자-미혼-40대-생산/기술/노무직-배우자,0.00039635354736424893
Cluster 2-남자-기혼-60대 이상-자영업-배우자,0.00039635354736424893
Cluster 2-여자-기혼-60대 이상-자영업-본인,0.00039635354736424893
Cluster 2-남자-기혼-20대-공무원(공기업 포함)-배우자,0.00039635354736424893
Cluster 2-여자-기혼-30대-직업 응답없음-배우자,0.00039635354736424893
Cluster 2-여자-미혼-40대-자영업-본인,0.00039635354736424893
Cluster 2-여자-미혼-20대-자영업-본인,0.00039635354736424893
Cluster 2-남자-기혼-30대-경영직-본인,0.00039635354736424893
Cluster 2-여자-미혼-30대-경영직-부모,0.00039635354736424893
Cluster 2-여자-미혼-20대-무직-기타,0.00039635354736424893
Cluster 2-여자-기혼-60대 이상-교사/학원강사-본인,0.00039635354736424893
Cluster 2-남자-미혼-10대-학생-자녀,0.00039635354736424893
Cluster 2-남자-기혼-20대-전문직-본인,0.00039635354736424893
Cluster 2-남자-기혼-30대-교사/학원강사-부모,0.00039635354736424893
Cluster 2-여자-미혼-10대-교사/학원강사-부모,0.00039635354736424893
Cluster 2-여자-미혼-20대-전문직-기타,0.00039635354736424893
Cluster 2-남자-미혼-20대-학생-자녀,0.00039635354736424893
Cluster 2-여자-기혼-20대-학생-배우자,0.00039635354736424893
Cluster 2-여자-기혼-20대-생산/기술/노무직-본인,0.00039635354736424893
Cluster 2-남자-기혼-30대-생산/기술/노무직-부모,0.00039635354736424893
Cluster 2-여자-별거/이혼/사별-30대-서비스/영업/판매직-본인,0.00039635354736424893
Cluster 2-여자-미혼-20대-서비스/영업/판매직-기타,0.00039635354736424893
Cluster 2-여자-별거/이혼/사별-40대-자영업-본인,0.00039635354736424893
Cluster 2-여자-미혼-50대-프리랜서/자유직-본인,0.00039635354736424893
Cluster 2-여자-기혼-30대-학생-본인,0.00039635354736424893
Cluster 2-여자-미혼-30대-전업주부-부모,0.00039635354736424893
Cluster 2-남자-미혼-30대-사무직-배우자,0.00039635354736424893
Cluster 2-남자-미혼-20대-프리랜서/자유직-기타,0.00039635354736424893
Cluster 2-남자-미혼-30대-프리랜서/자유직-부모,0.00039635354736424893
Cluster 2-남자-미혼-30대-자영업-본인,0.00039635354736424893
Cluster 2-여자-별거/이혼/사별-50대-전업주부-본인,0.00039635354736424893
Cluster 2-남자-미혼-40대-무직-부모,0.00039635354736424893
Cluster 2-여자-미혼-40대-전업주부-본인,0.00039635354736424893
Cluster 2-여자-미혼-30대-생산/기술/노무직-기타,0.00039635354736424893
Cluster 2-남자-기혼-60대 이상-사무직-배우자,0.00039635354736424893
Cluster 2-여자-미혼-20대-직업 응답없음-본인,0.00039635354736424893
Cluster 2-남자-기혼-30대-자영업-본인,0.00039635354736424893
Cluster 2-여자-기혼-40대-직업 응답없음-배우자,0.00019817677368212446
Cluster 2-여자-기혼-40대-서비스/영업/판매직-부모,0.00019817677368212446
Cluster 2-여자-미혼-50대-직업 응답없음-본인,0.00019817677368212446
Cluster 2-여자-별거/이혼/사별-30대-무직-본인,0.00019817677368212446
Cluster 2-여자-별거/이혼/사별-30대-프리랜서/자유직-본인,0.00019817677368212446
Cluster 2-남자-미혼-20대-자영업-부모,0.00019817677368212446
Cluster 2-남자-별거/이혼/사별-40대-사무직-부모,0.00019817677368212446
Cluster 2-여자-별거/이혼/사별-40대-공무원(공기업 포함)-본인,0.00019817677368212446
Cluster 2-남자-별거/이혼/사별-30대-사무직-부모,0.00019817677368212446
Cluster 2-여자-미혼-50대-사무직-부모,0.00019817677368212446
Cluster 2-남자-기혼-50대-전문직-기타,0.00019817677368212446
Cluster 2-여자-별거/이혼/사별-50대-자영업-본인,0.00019817677368212446
Cluster 2-여자-미혼-10대-서비스/영업/판매직-본인,0.00019817677368212446
Cluster 2-여자-미혼-30대-서비스/영업/판매직-기타,0.00019817677368212446
Cluster 2-남자-미혼-40대-전문직-부모,0.00019817677368212446
Cluster 2-여자-기혼-30대-무직-부모,0.00019817677368212446
Cluster 2-여자-미혼-20대-프리랜서/자유직-자녀,0.00019817677368212446
Cluster 2-여자-미혼-50대-자영업-본인,0.00019817677368212446
Cluster 2-여자-미혼-10대-학생-기타,0.00019817677368212446
Cluster 2-여자-기혼-30대-프리랜서/자유직-배우자,0.00019817677368212446
Cluster 2-여자-기혼-30대-경영직-본인,0.00019817677368212446
Cluster 2-여자-별거/이혼/사별-30대-교사/학원강사-본인,0.00019817677368212446
Cluster 2-여자-별거/이혼/사별-60대 이상-프리랜서/자유직-본인,0.00019817677368212446
Cluster 2-남자-미혼-10대-직업 응답없음-부모,0.00019817677368212446
Cluster 2-남자-별거/이혼/사별-40대-교사/학원강사-부모,0.00019817677368212446
Cluster 2-여자-미혼-30대-학생-부모,0.00019817677368212446
Cluster 2-여자-기혼-20대-자영업-본인,0.00019817677368212446
Cluster 2-여자-별거/이혼/사별-50대-교사/학원강사-본인,0.00019817677368212446
Cluster 2-여자-별거/이혼/사별-40대-전문직-부모,0.00019817677368212446
Cluster 2-여자-기혼-20대-무직-본인,0.00019817677368212446
Cluster 2-남자-기혼-10대-생산/기술/노무직-부모,0.00019817677368212446
Cluster 2-여자-별거/이혼/사별-30대-학생-본인,0.00019817677368212446
Cluster 2-여자-기혼-20대-학생-본인,0.00019817677368212446
Cluster 2-여자-기혼-20대-생산/기술/노무직-배우자,0.00019817677368212446
Cluster 2-남자-별거/이혼/사별-40대-사무직-본인,0.00019817677368212446
Cluster 2-여자-별거/이혼/사별-30대-전문직-부모,0.00019817677368212446
Cluster 2-남자-미혼-10대-무직-본인,0.00019817677368212446
Cluster 2-남자-미혼-20대-농/임/어업-부모,0.00019817677368212446
Cluster 2-여자-미혼-20대-자영업-부모,0.00019817677368212446
Cluster 2-남자-미혼-20대-생산/기술/노무직-배우자,0.00019817677368212446
Cluster 2-남자-미혼-30대-전문직-배우자,0.00019817677368212446
Cluster 2-남자-기혼-60대 이상-프리랜서/자유직-배우자,0.00019817677368212446
Cluster 2-남자-기혼-30대-농/임/어업-부모,0.00019817677368212446
Cluster 2-여자-기혼-40대-전업주부-부모,0.00019817677368212446
Cluster 2-남자-기혼-20대-서비스/영업/판매직-부모,0.00019817677368212446
Cluster 2-남자-별거/이혼/사별-50대-경영직-본인,0.00019817677368212446
Cluster 2-여자-별거/이혼/사별-30대-생산/기술/노무직-본인,0.00019817677368212446
Cluster 2-남자-미혼-10대-전문직-부모,0.00019817677368212446
Cluster 2-여자-기혼-20대-전업주부-부모,0.00019817677368212446
Cluster 2-여자-별거/이혼/사별-40대-직업 응답없음-본인,0.00019817677368212446
Cluster 2-여자-기혼-20대-서비스/영업/판매직-배우자,0.00019817677368212446
Cluster 2-남자-기혼-30대-전문직-기타,0.00019817677368212446
Cluster 2-남자-기혼-30대-직업 응답없음-본인,0.00019817677368212446
Cluster 2-남자-미혼-40대-학생-본인,0.00019817677368212446
Cluster 2-여자-별거/이혼/사별-30대-전업주부-본인,0.00019817677368212446
Cluster 2-남자-기혼-30대-자영업-기타,0.00019817677368212446
Cluster 2-남자-미혼-30대-전문직-기타,0.00019817677368212446
Cluster 2-여자-별거/이혼/사별-20대-사무직-본인,0.00019817677368212446
Cluster 2-여자-미혼-40대-무직-본인,0.00019817677368212446
Cluster 2-남자-기혼-60대 이상-생산/기술/노무직-본인,0.00019817677368212446
Cluster 2-남자-기혼-40대-농/임/어업-배우자,0.00019817677368212446
Cluster 2-남자-별거/이혼/사별-30대-전문직-부모,0.00019817677368212446
Cluster 2-남자-미혼-50대-생산/기술/노무직-본인,0.00019817677368212446
Cluster 2-여자-기혼-30대-학생-부모,0.00019817677368212446
Cluster 2-여자-기혼-20대-사무직-부모,0.00019817677368212446
Cluster 2-남자-미혼-20대-경영직-부모,0.00019817677368212446
Cluster 2-남자-기혼-50대-공무원(공기업 포함)-본인,0.00019817677368212446
Cluster 2-여자-미혼-40대-전문직-부모,0.00019817677368212446
Cluster 2-여자-미혼-20대-경영직-부모,0.00019817677368212446
Cluster 2-남자-미혼-20대-무직-기타,0.00019817677368212446
Cluster 2-남자-미혼-30대-경영직-본인,0.00019817677368212446
Cluster 2-남자-기혼-50대-공무원(공기업 포함)-부모,0.00019817677368212446
Cluster 2-여자-기혼-30대-서비스/영업/판매직-배우자,0.00019817677368212446
Cluster 2-남자-미혼-20대-직업 응답없음-본인,0.00019817677368212446
Cluster 2-여자-별거/이혼/사별-40대-서비스/영업/판매직-본인,0.00019817677368212446
Cluster 2-남자-기혼-40대-직업 응답없음-본인,0.00019817677368212446
Cluster 2-남자-기혼-40대-사무직-기타,0.00019817677368212446
Cluster 2-여자-별거/이혼/사별-50대-서비스/영업/판매직-본인,0.00019817677368212446
Cluster 2-여자-미혼-40대-공무원(공기업 포함)-부모,0.00019817677368212446
Cluster 2-남자-미혼-40대-농/임/어업-부모,0.00019817677368212446
Cluster 2-남자-별거/이혼/사별-40대-서비스/영업/판매직-본인,0.00019817677368212446
Cluster 2-여자-기혼-40대-서비스/영업/판매직-배우자,0.00019817677368212446
Cluster 2-여자-미혼-30대-무직-자녀,0.00019817677368212446
Cluster 2-남자-별거/이혼/사별-60대 이상-사무직-본인,0.00019817677368212446
Cluster 2-여자-미혼-30대-학생-본인,0.00019817677368212446
Cluster 2-여자-미혼-20대-전문직-자녀,0.00019817677368212446
Cluster 2-남자-별거/이혼/사별-40대-생산/기술/노무직-배우자,0.00019817677368212446
Cluster 2-남자-미혼-40대-무직-본인,0.00019817677368212446
Cluster 2-여자-기혼-30대-자영업-배우자,0.00019817677368212446
Cluster 2-여자-미혼-40대-직업 응답없음-본인,0.00019817677368212446
Cluster 2-여자-별거/이혼/사별-20대-전업주부-부모,0.00019817677368212446
Cluster 2-남자-별거/이혼/사별-30대-생산/기술/노무직-본인,0.00019817677368212446
Cluster 2-여자-기혼-40대-경영직-배우자,0.00019817677368212446
Cluster 2-남자-별거/이혼/사별-50대-서비스/영업/판매직-본인,0.00019817677368212446
Cluster 2-남자-미혼-40대-자영업-기타,0.00019817677368212446
Cluster 2-남자-미혼-20대-전문직-기타,0.00019817677368212446
Cluster 2-여자-별거/이혼/사별-50대-직업 응답없음-본인,0.00019817677368212446
Cluster 2-여자-기혼-50대-무직-본인,0.00019817677368212446
Cluster 2-여자-기혼-30대-공무원(공기업 포함)-부모,0.00019817677368212446
Cluster 2-여자-별거/이혼/사별-30대-사무직-부모,0.00019817677368212446
Cluster 2-남자-미혼-30대-사무직-기타,0.00019817677368212446
Cluster 2-여자-미혼-50대-사무직-본인,0.00019817677368212446
Cluster 2-남자-미혼-40대-경영직-본인,0.00019817677368212446
Cluster 2-남자-기혼-60대 이상-전문직-배우자,0.00019817677368212446
Cluster 2-남자-기혼-30대-생산/기술/노무직-기타,0.00019817677368212446
Cluster 2-여자-기혼-60대 이상-전문직-본인,0.00019817677368212446
Cluster 2-여자-미혼-40대-서비스/영업/판매직-부모,0.00019817677368212446
Cluster 2-남자-기혼-50대-교사/학원강사-본인,0.00019817677368212446
Cluster 2-여자-기혼-60대 이상-프리랜서/자유직-배우자,0.00019817677368212446
Cluster 2-남자-기혼-50대-프리랜서/자유직-본인,0.00019817677368212446
Cluster 2-여자-기혼-50대-서비스/영업/판매직-배우자,0.00019817677368212446
Cluster 2-남자-기혼-40대-전업주부-본인,0.00019817677368212446
Cluster 2-남자-미혼-40대-직업 응답없음-기타,0.00019817677368212446
Cluster 2-남자-미혼-30대-프리랜서/자유직-기타,0.00019817677368212446
Cluster 2-여자-기혼-40대-학생-본인,0.00019817677368212446
Cluster 2-남자-미혼-30대-직업 응답없음-본인,0.00019817677368212446
Cluster 2-여자-미혼-50대-무직-부모,0.00019817677368212446
Cluster 2-여자-기혼-40대-프리랜서/자유직-배우자,0.00019817677368212446
Cluster 2-여자-기혼-30대-직업 응답없음-부모,0.00019817677368212446
Cluster 2-남자-미혼-10대-무직-부모,0.00019817677368212446
Cluster 2-남자-기혼-60대 이상-프리랜서/자유직-본인,0.00019817677368212446
Cluster 2-남자-별거/이혼/사별-40대-자영업-부모,0.00019817677368212446
Cluster 2-남자-미혼-30대-공무원(공기업 포함)-기타,0.00019817677368212446
Cluster 2-여자-미혼-30대-전업주부-본인,0.00019817677368212446
Cluster 2-여자-별거/이혼/사별-40대-전문직-본인,0.00019817677368212446
Cluster 2-여자-기혼-60대 이상-무직-본인,0.00019817677368212446
Cluster 2-여자-미혼-20대-생산/기술/노무직-본인,0.00019817677368212446
Cluster 2-남자-별거/이혼/사별-40대-자영업-본인,0.00019817677368212446
Cluster 2-남자-별거/이혼/사별-30대-생산/기술/노무직-부모,0.00019817677368212446
Cluster 2-남자-별거/이혼/사별-40대-생산/기술/노무직-본인,0.00019817677368212446
Cluster 2-남자-기혼-40대-무직-배우자,0.00019817677368212446
Cluster 2-여자-기혼-60대 이상-무직-부모,0.00019817677368212446
Cluster 2-여자-미혼-40대-무직-부모,0.00019817677368212446
Cluster 2-여자-별거/이혼/사별-30대-서비스/영업/판매직-부모,0.00019817677368212446
Cluster 2-남자-기혼-30대-프리랜서/자유직-본인,0.00019817677368212446
Cluster 2-여자-기혼-20대-전업주부-기타,0.00019817677368212446
Cluster 2-남자-별거/이혼/사별-50대-사무직-본인,0.00019817677368212446
Cluster 2-남자-미혼-20대-학생-배우자,0.00019817677368212446
Cluster 2-남자-기혼-40대-사무직-부모,0.00019817677368212446
Cluster 2-남자-미혼-30대-학생-본인,0.00019817677368212446
Cluster 2-남자-기혼-20대-학생-부모,0.00019817677368212446
Cluster 2-여자-기혼-40대-사무직-부모,0.00019817677368212446
Cluster 2-여자-기혼-30대-프리랜서/자유직-부모,0.00019817677368212446
Cluster 2-남자-기혼-60대 이상-전문직-본인,0.00019817677368212446
Cluster 3-여자-기혼-30대-전업주부-본인,0.10755441741357234
Cluster 3-여자-기혼-40대-전업주부-본인,0.09795134443021766
Cluster 3-여자-기혼-30대-사무직-본인,0.04865556978233035
Cluster 3-여자-미혼-20대-학생-부모,0.04769526248399488
Cluster 3-남자-미혼-20대-학생-부모,0.03841229193341869
Cluster 3-여자-미혼-10대-학생-부모,0.029449423815621
Cluster 3-여자-기혼-40대-사무직-본인,0.02912932138284251
Cluster 3-여자-미혼-30대-사무직-부모,0.02112676056338028
Cluster 3-여자-기혼-50대-전업주부-본인,0.01888604353393086
Cluster 3-남자-미혼-10대-학생-부모,0.01856594110115237
Cluster 3-남자-기혼-40대-사무직-배우자,0.016645326504481434
Cluster 3-여자-미혼-30대-사무직-본인,0.015044814340588988
Cluster 3-여자-기혼-30대-전문직-본인,0.013124199743918053
Cluster 3-여자-기혼-30대-교사/학원강사-본인,0.013124199743918053
Cluster 3-여자-미혼-20대-사무직-부모,0.011523687580025609
Cluster 3-여자-미혼-20대-무직-부모,0.01120358514724712
Cluster 3-여자-미혼-20대-학생-본인,0.010243277848911651
Cluster 3-남자-기혼-30대-사무직-배우자,0.009923175416133162
Cluster 3-남자-기혼-30대-사무직-본인,0.008642765685019206
Cluster 3-여자-기혼-30대-서비스/영업/판매직-본인,0.008322663252240717
Cluster 3-여자-기혼-30대-프리랜서/자유직-본인,0.008002560819462228
Cluster 3-여자-기혼-40대-전문직-본인,0.008002560819462228
Cluster 3-여자-기혼-20대-전업주부-본인,0.0076824583866837385
Cluster 3-여자-미혼-20대-전문직-부모,0.00736235595390525
Cluster 3-여자-미혼-30대-전문직-부모,0.007042253521126761
Cluster 3-여자-미혼-30대-전문직-본인,0.007042253521126761
Cluster 3-남자-미혼-30대-사무직-본인,0.006722151088348271
Cluster 3-남자-기혼-30대-전문직-배우자,0.006402048655569782
Cluster 3-여자-미혼-40대-사무직-본인,0.006402048655569782
Cluster 3-여자-기혼-30대-공무원(공기업 포함)-본인,0.006402048655569782
Cluster 3-남자-기혼-40대-사무직-본인,0.006402048655569782
Cluster 3-여자-기혼-40대-프리랜서/자유직-본인,0.006081946222791294
Cluster 3-남자-기혼-40대-서비스/영업/판매직-배우자,0.006081946222791294
Cluster 3-여자-기혼-40대-교사/학원강사-본인,0.006081946222791294
Cluster 3-여자-기혼-40대-서비스/영업/판매직-본인,0.005761843790012804
Cluster 3-남자-기혼-30대-생산/기술/노무직-배우자,0.005761843790012804
Cluster 3-남자-미혼-20대-무직-부모,0.005761843790012804
Cluster 3-남자-미혼-20대-학생-본인,0.005441741357234315
Cluster 3-남자-미혼-30대-생산/기술/노무직-부모,0.005441741357234315
Cluster 3-여자-기혼-40대-자영업-본인,0.004801536491677336
Cluster 3-남자-미혼-30대-사무직-부모,0.004481434058898848
Cluster 3-여자-미혼-30대-서비스/영업/판매직-본인,0.004481434058898848
Cluster 3-남자-기혼-40대-생산/기술/노무직-배우자,0.004481434058898848
Cluster 3-여자-기혼-50대-사무직-본인,0.004481434058898848
Cluster 3-남자-기혼-30대-생산/기술/노무직-본인,0.004481434058898848
Cluster 3-여자-미혼-30대-무직-부모,0.004161331626120359
Cluster 3-여자-미혼-30대-교사/학원강사-부모,0.004161331626120359
Cluster 3-남자-기혼-50대-사무직-배우자,0.004161331626120359
Cluster 3-여자-기혼-40대-직업 응답없음-본인,0.004161331626120359
Cluster 3-여자-미혼-30대-서비스/영업/판매직-부모,0.004161331626120359
Cluster 3-남자-미혼-30대-서비스/영업/판매직-부모,0.0038412291933418692
Cluster 3-여자-미혼-20대-사무직-본인,0.0035211267605633804
Cluster 3-남자-기혼-30대-공무원(공기업 포함)-배우자,0.0035211267605633804
Cluster 3-여자-미혼-20대-서비스/영업/판매직-본인,0.0035211267605633804
Cluster 3-남자-기혼-40대-자영업-배우자,0.003201024327784891
Cluster 3-여자-미혼-30대-무직-본인,0.003201024327784891
Cluster 3-여자-미혼-30대-교사/학원강사-본인,0.003201024327784891
Cluster 3-여자-미혼-20대-전문직-본인,0.003201024327784891
Cluster 3-여자-기혼-30대-직업 응답없음-본인,0.002880921895006402
Cluster 3-여자-기혼-30대-생산/기술/노무직-본인,0.002880921895006402
Cluster 3-여자-미혼-20대-서비스/영업/판매직-부모,0.002880921895006402
Cluster 3-여자-미혼-30대-공무원(공기업 포함)-부모,0.002880921895006402
Cluster 3-여자-기혼-20대-사무직-본인,0.002880921895006402
Cluster 3-남자-기혼-30대-서비스/영업/판매직-배우자,0.002880921895006402
Cluster 3-여자-미혼-40대-프리랜서/자유직-본인,0.002880921895006402
Cluster 3-남자-기혼-40대-전문직-배우자,0.002880921895006402
Cluster 3-여자-기혼-60대 이상-전업주부-본인,0.002880921895006402
Cluster 3-남자-기혼-40대-공무원(공기업 포함)-배우자,0.002880921895006402
Cluster 3-여자-기혼-50대-자영업-본인,0.002560819462227913
Cluster 3-여자-미혼-20대-무직-본인,0.002560819462227913
Cluster 3-남자-미혼-30대-전문직-부모,0.002560819462227913
Cluster 3-남자-미혼-30대-무직-부모,0.002560819462227913
Cluster 3-여자-미혼-40대-사무직-부모,0.002560819462227913
Cluster 3-남자-미혼-30대-생산/기술/노무직-본인,0.002560819462227913
Cluster 3-남자-기혼-30대-전문직-본인,0.002560819462227913
Cluster 3-여자-미혼-30대-프리랜서/자유직-본인,0.002240717029449424
Cluster 3-여자-기혼-50대-프리랜서/자유직-본인,0.002240717029449424
Cluster 3-남자-미혼-20대-사무직-본인,0.002240717029449424
Cluster 3-남자-기혼-50대-공무원(공기업 포함)-배우자,0.002240717029449424
Cluster 3-여자-기혼-20대-전문직-본인,0.002240717029449424
Cluster 3-여자-기혼-40대-공무원(공기업 포함)-본인,0.0019206145966709346
Cluster 3-남자-기혼-40대-서비스/영업/판매직-본인,0.0019206145966709346
Cluster 3-남자-미혼-30대-서비스/영업/판매직-본인,0.0019206145966709346
Cluster 3-여자-미혼-20대-공무원(공기업 포함)-부모,0.0019206145966709346
Cluster 3-남자-기혼-40대-공무원(공기업 포함)-본인,0.0016005121638924455
Cluster 3-여자-기혼-50대-서비스/영업/판매직-본인,0.0016005121638924455
Cluster 3-여자-기혼-30대-전업주부-배우자,0.0016005121638924455
Cluster 3-남자-미혼-40대-사무직-부모,0.0016005121638924455
Cluster 3-남자-기혼-50대-전문직-배우자,0.0016005121638924455
Cluster 3-남자-미혼-20대-생산/기술/노무직-부모,0.0016005121638924455
Cluster 3-여자-기혼-50대-교사/학원강사-본인,0.0016005121638924455
Cluster 3-여자-기혼-40대-생산/기술/노무직-본인,0.0016005121638924455
Cluster 3-남자-기혼-30대-자영업-본인,0.0016005121638924455
Cluster 3-여자-기혼-30대-사무직-배우자,0.0016005121638924455
Cluster 3-여자-미혼-40대-전문직-본인,0.0016005121638924455
Cluster 3-여자-미혼-20대-교사/학원강사-부모,0.0016005121638924455
Cluster 3-남자-미혼-20대-무직-본인,0.0016005121638924455
Cluster 3-남자-기혼-50대-사무직-본인,0.0016005121638924455
Cluster 3-남자-미혼-30대-공무원(공기업 포함)-부모,0.0016005121638924455
Cluster 3-여자-미혼-20대-직업 응답없음-부모,0.0016005121638924455
Cluster 3-여자-기혼-30대-전업주부-부모,0.0016005121638924455
Cluster 3-남자-기혼-50대-생산/기술/노무직-배우자,0.0016005121638924455
Cluster 3-여자-미혼-20대-프리랜서/자유직-부모,0.0016005121638924455
Cluster 3-남자-미혼-30대-학생-부모,0.0016005121638924455
Cluster 3-남자-미혼-30대-무직-본인,0.0016005121638924455
Cluster 3-여자-기혼-50대-생산/기술/노무직-본인,0.0012804097311139564
Cluster 3-여자-미혼-20대-학생-기타,0.0012804097311139564
Cluster 3-남자-미혼-40대-사무직-본인,0.0012804097311139564
Cluster 3-여자-미혼-30대-공무원(공기업 포함)-본인,0.0012804097311139564
Cluster 3-남자-미혼-30대-프리랜서/자유직-부모,0.0012804097311139564
Cluster 3-여자-미혼-30대-프리랜서/자유직-부모,0.0012804097311139564
Cluster 3-남자-미혼-40대-프리랜서/자유직-부모,0.0012804097311139564
Cluster 3-여자-기혼-30대-자영업-본인,0.0012804097311139564
Cluster 3-남자-미혼-40대-생산/기술/노무직-본인,0.0012804097311139564
Cluster 3-여자-미혼-30대-학생-부모,0.0012804097311139564
Cluster 3-여자-미혼-20대-프리랜서/자유직-본인,0.0012804097311139564
Cluster 3-여자-미혼-10대-학생-기타,0.0012804097311139564
Cluster 3-여자-미혼-30대-직업 응답없음-부모,0.0012804097311139564
Cluster 3-남자-기혼-50대-자영업-배우자,0.0012804097311139564
Cluster 3-남자-기혼-50대-자영업-본인,0.0012804097311139564
Cluster 3-여자-미혼-20대-사무직-기타,0.0012804097311139564
Cluster 3-남자-미혼-30대-공무원(공기업 포함)-본인,0.0012804097311139564
Cluster 3-남자-기혼-40대-생산/기술/노무직-본인,0.0012804097311139564
Cluster 3-여자-미혼-30대-자영업-본인,0.0012804097311139564
Cluster 3-남자-미혼-20대-사무직-부모,0.0012804097311139564
Cluster 3-여자-미혼-30대-사무직-기타,0.0012804097311139564
Cluster 3-여자-미혼-20대-공무원(공기업 포함)-본인,0.0009603072983354673
Cluster 3-여자-미혼-30대-생산/기술/노무직-부모,0.0009603072983354673
Cluster 3-여자-기혼-50대-전문직-본인,0.0009603072983354673
Cluster 3-여자-기혼-20대-서비스/영업/판매직-본인,0.0009603072983354673
Cluster 3-여자-미혼-40대-서비스/영업/판매직-본인,0.0009603072983354673
Cluster 3-남자-기혼-40대-프리랜서/자유직-배우자,0.0009603072983354673
Cluster 3-남자-미혼-20대-전문직-본인,0.0009603072983354673
Cluster 3-남자-미혼-20대-직업 응답없음-부모,0.0009603072983354673
Cluster 3-남자-미혼-20대-교사/학원강사-부모,0.0009603072983354673
Cluster 3-남자-기혼-10대-학생-부모,0.0009603072983354673
Cluster 3-남자-미혼-10대-학생-기타,0.0009603072983354673
Cluster 3-남자-미혼-40대-전문직-본인,0.0009603072983354673
Cluster 3-남자-미혼-20대-공무원(공기업 포함)-부모,0.0009603072983354673
Cluster 3-여자-별거/이혼/사별-40대-교사/학원강사-본인,0.0009603072983354673
Cluster 3-남자-미혼-20대-프리랜서/자유직-부모,0.0009603072983354673
Cluster 3-여자-미혼-30대-생산/기술/노무직-본인,0.0009603072983354673
Cluster 3-남자-미혼-30대-프리랜서/자유직-본인,0.0009603072983354673
Cluster 3-여자-미혼-20대-교사/학원강사-본인,0.0009603072983354673
Cluster 3-여자-기혼-30대-학생-본인,0.0009603072983354673
Cluster 3-남자-미혼-20대-서비스/영업/판매직-부모,0.0009603072983354673
Cluster 3-여자-미혼-40대-자영업-본인,0.0009603072983354673
Cluster 3-남자-기혼-40대-교사/학원강사-본인,0.0009603072983354673
Cluster 3-남자-기혼-40대-교사/학원강사-배우자,0.0009603072983354673
Cluster 3-남자-기혼-50대-경영직-본인,0.0009603072983354673
Cluster 3-여자-미혼-30대-자영업-부모,0.0009603072983354673
Cluster 3-남자-기혼-30대-자영업-배우자,0.0009603072983354673
Cluster 3-여자-미혼-20대-자영업-본인,0.0009603072983354673
Cluster 3-남자-기혼-50대-경영직-배우자,0.0009603072983354673
Cluster 3-남자-미혼-30대-전문직-본인,0.0009603072983354673
Cluster 3-여자-별거/이혼/사별-40대-사무직-본인,0.0009603072983354673
Cluster 3-여자-미혼-10대-무직-부모,0.0006402048655569782
Cluster 3-남자-기혼-50대-서비스/영업/판매직-배우자,0.0006402048655569782
Cluster 3-여자-미혼-20대-생산/기술/노무직-본인,0.0006402048655569782
Cluster 3-여자-미혼-30대-프리랜서/자유직-기타,0.0006402048655569782
Cluster 3-여자-미혼-50대-교사/학원강사-본인,0.0006402048655569782
Cluster 3-남자-기혼-30대-사무직-부모,0.0006402048655569782
Cluster 3-남자-기혼-30대-공무원(공기업 포함)-본인,0.0006402048655569782
Cluster 3-남자-기혼-60대 이상-자영업-배우자,0.0006402048655569782
Cluster 3-남자-미혼-20대-생산/기술/노무직-본인,0.0006402048655569782
Cluster 3-여자-미혼-10대-학생-본인,0.0006402048655569782
Cluster 3-남자-기혼-40대-경영직-배우자,0.0006402048655569782
Cluster 3-여자-미혼-20대-전업주부-본인,0.0006402048655569782
Cluster 3-여자-기혼-20대-자영업-본인,0.0006402048655569782
Cluster 3-여자-미혼-40대-교사/학원강사-부모,0.0006402048655569782
Cluster 3-남자-기혼-40대-자영업-본인,0.0006402048655569782
Cluster 3-여자-미혼-40대-무직-부모,0.0006402048655569782
Cluster 3-남자-기혼-60대 이상-생산/기술/노무직-배우자,0.0006402048655569782
Cluster 3-남자-미혼-20대-학생-배우자,0.0006402048655569782
Cluster 3-남자-미혼-20대-학생-기타,0.0006402048655569782
Cluster 3-여자-별거/이혼/사별-50대-자영업-본인,0.0006402048655569782
Cluster 3-남자-기혼-60대 이상-서비스/영업/판매직-배우자,0.0006402048655569782
Cluster 3-여자-미혼-40대-공무원(공기업 포함)-부모,0.0006402048655569782
Cluster 3-여자-미혼-40대-생산/기술/노무직-본인,0.0006402048655569782
Cluster 3-남자-기혼-50대-프리랜서/자유직-배우자,0.0006402048655569782
Cluster 3-여자-미혼-20대-학생-배우자,0.0006402048655569782
Cluster 3-여자-기혼-30대-전문직-배우자,0.0006402048655569782
Cluster 3-남자-미혼-40대-서비스/영업/판매직-본인,0.0006402048655569782
Cluster 3-여자-미혼-20대-생산/기술/노무직-부모,0.0006402048655569782
Cluster 3-남자-기혼-40대-전문직-본인,0.0006402048655569782
Cluster 3-여자-별거/이혼/사별-30대-서비스/영업/판매직-본인,0.0006402048655569782
Cluster 3-여자-기혼-50대-무직-본인,0.0006402048655569782
Cluster 3-남자-기혼-30대-직업 응답없음-배우자,0.0006402048655569782
Cluster 3-여자-미혼-20대-전문직-기타,0.0006402048655569782
Cluster 3-여자-미혼-40대-교사/학원강사-본인,0.0006402048655569782
Cluster 3-여자-미혼-30대-직업 응답없음-본인,0.0006402048655569782
Cluster 3-남자-미혼-40대-자영업-부모,0.0006402048655569782
Cluster 3-여자-기혼-30대-직업 응답없음-부모,0.0006402048655569782
Cluster 3-남자-미혼-40대-생산/기술/노무직-부모,0.0006402048655569782
Cluster 3-여자-별거/이혼/사별-40대-전문직-본인,0.0006402048655569782
Cluster 3-여자-미혼-40대-전문직-부모,0.0006402048655569782
Cluster 3-여자-기혼-50대-직업 응답없음-본인,0.0006402048655569782
Cluster 3-여자-미혼-20대-서비스/영업/판매직-기타,0.0006402048655569782
Cluster 3-남자-미혼-30대-학생-본인,0.0006402048655569782
Cluster 3-남자-미혼-10대-학생-본인,0.0006402048655569782
Cluster 3-남자-미혼-30대-자영업-본인,0.0006402048655569782
Cluster 3-남자-기혼-40대-직업 응답없음-배우자,0.0006402048655569782
Cluster 3-여자-미혼-30대-전업주부-본인,0.0006402048655569782
Cluster 3-여자-기혼-40대-사무직-배우자,0.0006402048655569782
Cluster 3-여자-기혼-30대-사무직-부모,0.0006402048655569782
Cluster 3-남자-기혼-50대-교사/학원강사-배우자,0.0006402048655569782
Cluster 3-여자-별거/이혼/사별-40대-프리랜서/자유직-본인,0.0006402048655569782
Cluster 3-남자-기혼-60대 이상-생산/기술/노무직-본인,0.0003201024327784891
Cluster 3-여자-미혼-30대-직업 응답없음-기타,0.0003201024327784891
Cluster 3-여자-기혼-30대-전업주부-기타,0.0003201024327784891
Cluster 3-여자-기혼-20대-공무원(공기업 포함)-본인,0.0003201024327784891
Cluster 3-남자-미혼-40대-교사/학원강사-부모,0.0003201024327784891
Cluster 3-남자-기혼-50대-교사/학원강사-본인,0.0003201024327784891
Cluster 3-여자-기혼-30대-전문직-부모,0.0003201024327784891
Cluster 3-남자-미혼-40대-서비스/영업/판매직-부모,0.0003201024327784891
Cluster 3-여자-미혼-30대-프리랜서/자유직-자녀,0.0003201024327784891
Cluster 3-남자-기혼-30대-교사/학원강사-배우자,0.0003201024327784891
Cluster 3-남자-기혼-20대-직업 응답없음-본인,0.0003201024327784891
Cluster 3-여자-기혼-30대-공무원(공기업 포함)-배우자,0.0003201024327784891
Cluster 3-남자-미혼-20대-직업 응답없음-본인,0.0003201024327784891
Cluster 3-남자-미혼-20대-공무원(공기업 포함)-본인,0.0003201024327784891
Cluster 3-여자-기혼-40대-사무직-기타,0.0003201024327784891
Cluster 3-남자-미혼-30대-교사/학원강사-부모,0.0003201024327784891
Cluster 3-여자-기혼-20대-사무직-배우자,0.0003201024327784891
Cluster 3-남자-미혼-20대-생산/기술/노무직-기타,0.0003201024327784891
Cluster 3-남자-미혼-20대-자영업-본인,0.0003201024327784891
Cluster 3-여자-미혼-60대 이상-무직-본인,0.0003201024327784891
Cluster 3-여자-별거/이혼/사별-30대-사무직-본인,0.0003201024327784891
Cluster 3-여자-기혼-20대-농/임/어업-본인,0.0003201024327784891
Cluster 3-여자-미혼-30대-경영직-부모,0.0003201024327784891
Cluster 3-남자-미혼-30대-직업 응답없음-본인,0.0003201024327784891
Cluster 3-남자-기혼-40대-경영직-본인,0.0003201024327784891
Cluster 3-여자-미혼-20대-직업 응답없음-본인,0.0003201024327784891
Cluster 3-여자-기혼-20대-학생-본인,0.0003201024327784891
Cluster 3-여자-미혼-30대-농/임/어업-본인,0.0003201024327784891
Cluster 3-여자-별거/이혼/사별-40대-공무원(공기업 포함)-본인,0.0003201024327784891
Cluster 3-여자-기혼-40대-전업주부-부모,0.0003201024327784891
Cluster 3-남자-미혼-40대-프리랜서/자유직-본인,0.0003201024327784891
Cluster 3-여자-미혼-40대-공무원(공기업 포함)-본인,0.0003201024327784891
Cluster 3-여자-미혼-30대-전문직-배우자,0.0003201024327784891
Cluster 3-여자-기혼-60대 이상-학생-본인,0.0003201024327784891
Cluster 3-여자-기혼-30대-직업 응답없음-배우자,0.0003201024327784891
Cluster 3-남자-기혼-60대 이상-직업 응답없음-기타,0.0003201024327784891
Cluster 3-여자-기혼-60대 이상-서비스/영업/판매직-배우자,0.0003201024327784891
Cluster 3-남자-미혼-20대-자영업-부모,0.0003201024327784891
Cluster 3-남자-미혼-40대-교사/학원강사-본인,0.0003201024327784891
Cluster 3-남자-미혼-40대-무직-본인,0.0003201024327784891
Cluster 3-여자-별거/이혼/사별-40대-서비스/영업/판매직-기타,0.0003201024327784891
Cluster 3-남자-기혼-60대 이상-무직-배우자,0.0003201024327784891
Cluster 3-여자-미혼-40대-자영업-부모,0.0003201024327784891
Cluster 3-여자-미혼-40대-직업 응답없음-본인,0.0003201024327784891
Cluster 3-여자-별거/이혼/사별-40대-생산/기술/노무직-본인,0.0003201024327784891
Cluster 3-여자-미혼-30대-학생-본인,0.0003201024327784891
Cluster 3-여자-기혼-40대-사무직-부모,0.0003201024327784891
Cluster 3-여자-별거/이혼/사별-30대-교사/학원강사-본인,0.0003201024327784891
Cluster 3-남자-미혼-30대-학생-기타,0.0003201024327784891
Cluster 3-여자-기혼-40대-농/임/어업-본인,0.0003201024327784891
Cluster 3-남자-기혼-60대 이상-무직-본인,0.0003201024327784891
Cluster 3-여자-기혼-30대-교사/학원강사-배우자,0.0003201024327784891
Cluster 3-남자-미혼-30대-교사/학원강사-본인,0.0003201024327784891
Cluster 3-여자-미혼-20대-학생-자녀,0.0003201024327784891
Cluster 3-남자-별거/이혼/사별-50대-생산/기술/노무직-본인,0.0003201024327784891
Cluster 3-남자-기혼-40대-사무직-부모,0.0003201024327784891
Cluster 3-남자-기혼-60대 이상-전문직-본인,0.0003201024327784891
Cluster 3-남자-미혼-20대-서비스/영업/판매직-기타,0.0003201024327784891
Cluster 3-남자-별거/이혼/사별-60대 이상-자영업-본인,0.0003201024327784891
Cluster 3-남자-미혼-20대-전문직-부모,0.0003201024327784891
Cluster 3-남자-미혼-30대-전문직-기타,0.0003201024327784891
Cluster 3-남자-기혼-60대 이상-직업 응답없음-본인,0.0003201024327784891
Cluster 3-여자-별거/이혼/사별-30대-무직-부모,0.0003201024327784891
Cluster 3-남자-기혼-20대-사무직-본인,0.0003201024327784891
Cluster 3-남자-기혼-40대-무직-배우자,0.0003201024327784891
Cluster 3-여자-별거/이혼/사별-30대-사무직-부모,0.0003201024327784891
Cluster 3-여자-기혼-20대-교사/학원강사-본인,0.0003201024327784891
Cluster 3-여자-별거/이혼/사별-30대-전업주부-부모,0.0003201024327784891
Cluster 3-남자-미혼-50대-서비스/영업/판매직-본인,0.0003201024327784891
Cluster 3-남자-기혼-30대-프리랜서/자유직-배우자,0.0003201024327784891
Cluster 3-남자-기혼-30대-전문직-부모,0.0003201024327784891
Cluster 3-남자-기혼-50대-전문직-본인,0.0003201024327784891
Cluster 3-남자-미혼-20대-사무직-기타,0.0003201024327784891
Cluster 3-여자-기혼-30대-서비스/영업/판매직-배우자,0.0003201024327784891
Cluster 3-남자-기혼-20대-자영업-본인,0.0003201024327784891
Cluster 3-남자-기혼-50대-직업 응답없음-본인,0.0003201024327784891
Cluster 3-남자-기혼-30대-무직-배우자,0.0003201024327784891
Cluster 3-남자-기혼-50대-생산/기술/노무직-본인,0.0003201024327784891
Cluster 3-여자-별거/이혼/사별-30대-서비스/영업/판매직-부모,0.0003201024327784891
Cluster 3-여자-기혼-10대-학생-부모,0.0003201024327784891
Cluster 3-남자-기혼-20대-생산/기술/노무직-본인,0.0003201024327784891
Cluster 3-여자-미혼-10대-직업 응답없음-부모,0.0003201024327784891
Cluster 3-남자-미혼-30대-생산/기술/노무직-배우자,0.0003201024327784891
Cluster 3-남자-기혼-60대 이상-농/임/어업-배우자,0.0003201024327784891
Cluster 3-남자-별거/이혼/사별-40대-농/임/어업-부모,0.0003201024327784891
Cluster 3-남자-기혼-20대-서비스/영업/판매직-본인,0.0003201024327784891
Cluster 3-여자-기혼-20대-무직-본인,0.0003201024327784891
Cluster 3-남자-별거/이혼/사별-40대-직업 응답없음-부모,0.0003201024327784891
Cluster 3-남자-기혼-30대-서비스/영업/판매직-본인,0.0003201024327784891
Cluster 3-여자-미혼-20대-경영직-본인,0.0003201024327784891
Cluster 3-여자-기혼-20대-전업주부-부모,0.0003201024327784891
Cluster 3-여자-별거/이혼/사별-50대-무직-본인,0.0003201024327784891
Cluster 3-여자-기혼-60대 이상-자영업-본인,0.0003201024327784891
Cluster 3-남자-기혼-30대-프리랜서/자유직-본인,0.0003201024327784891
Cluster 3-남자-기혼-30대-생산/기술/노무직-부모,0.0003201024327784891
Cluster 3-남자-미혼-20대-프리랜서/자유직-본인,0.0003201024327784891
Cluster 3-여자-기혼-60대 이상-서비스/영업/판매직-본인,0.0003201024327784891
Cluster 3-여자-미혼-30대-전문직-기타,0.0003201024327784891
Cluster 3-여자-기혼-40대-전문직-배우자,0.0003201024327784891
Cluster 3-남자-별거/이혼/사별-40대-무직-기타,0.0003201024327784891
Cluster 3-여자-미혼-40대-무직-본인,0.0003201024327784891
Cluster 3-여자-기혼-40대-교사/학원강사-배우자,0.0003201024327784891
Cluster 3-여자-기혼-40대-직업 응답없음-배우자,0.0003201024327784891
Cluster 3-남자-기혼-20대-전문직-본인,0.0003201024327784891
Cluster 3-여자-별거/이혼/사별-30대-사무직-기타,0.0003201024327784891
Cluster 3-여자-기혼-40대-공무원(공기업 포함)-부모,0.0003201024327784891
Cluster 3-여자-미혼-40대-학생-본인,0.0003201024327784891
Cluster 3-남자-별거/이혼/사별-40대-서비스/영업/판매직-본인,0.0003201024327784891
Cluster 3-여자-미혼-30대-무직-기타,0.0003201024327784891
Cluster 3-남자-기혼-40대-무직-본인,0.0003201024327784891
Cluster 3-여자-미혼-20대-경영직-부모,0.0003201024327784891
Cluster 3-여자-기혼-20대-학생-부모,0.0003201024327784891
Cluster 3-남자-미혼-30대-프리랜서/자유직-기타,0.0003201024327784891
Cluster 3-남자-미혼-30대-경영직-부모,0.0003201024327784891
Cluster 3-남자-기혼-40대-직업 응답없음-본인,0.0003201024327784891
Cluster 3-남자-기혼-60대 이상-사무직-배우자,0.0003201024327784891
Cluster 3-남자-기혼-60대 이상-직업 응답없음-배우자,0.0003201024327784891
Cluster 3-남자-기혼-30대-교사/학원강사-본인,0.0003201024327784891
Cluster 3-여자-별거/이혼/사별-50대-사무직-본인,0.0003201024327784891
